Station ID,Station Name,Date,Time,SoilTemp,Temp60cm,Temp2m,Tem10m,Humidity,DPTemp,Rainfall,WindSp,WindDir,Radiation
260,ALACHUA,10/21/2020,0:00:00,24.71,22.9,23.18,22.85,96.5,22.6,0,3.88,42.82,1.77
260,ALACHUA,10/21/2020,1:00:00,24.58,22.62,22.88,22.55,96.8,22.35,0,3.85,45.66,1.83
260,ALACHUA,10/21/2020,2:00:00,24.46,22.56,22.83,22.51,96.9,22.3,0,3.13,42.03,1.85
260,ALACHUA,10/21/2020,3:00:00,24.36,22.56,22.8,22.48,97,22.3,0,3.4,40.73,1.89
260,ALACHUA,10/21/2020,4:00:00,24.26,22.47,22.71,22.38,97,22.21,0,3.07,43.13,1.86
260,ALACHUA,10/21/2020,5:00:00,24.18,22.38,22.64,22.32,96.8,22.12,0,3.99,51.78,1.82
260,ALACHUA,10/21/2020,6:00:00,24.1,22.34,22.64,22.33,96.4,22.04,0,3.91,53.91,1.8
260,ALACHUA,10/21/2020,7:00:00,24.03,22.26,22.54,22.22,96.4,21.94,0,4.07,45.98,2.34
260,ALACHUA,10/21/2020,8:00:00,23.95,22.3,22.53,22.19,96.5,21.96,0,3.35,43.04,33.33
260,ALACHUA,10/21/2020,9:00:00,23.9,22.92,23.1,22.69,95.1,22.26,0,4.89,50.7,110.8
260,ALACHUA,10/21/2020,10:00:00,23.94,24.12,24.24,23.82,91.4,22.75,0,4.86,58.35,171.42
260,ALACHUA,10/21/2020,11:00:00,24.05,26,25.95,25.42,86.6,23.54,0,5.61,72.22,246.7
260,ALACHUA,10/21/2020,12:00:00,24.29,26.86,26.71,26.12,84.8,23.94,0,6.2,71.06,307.58
260,ALACHUA,10/21/2020,13:00:00,24.58,27.08,27.04,26.49,83.8,24.08,0,7.37,70.23,255.35
260,ALACHUA,10/21/2020,14:00:00,24.84,26.24,26.32,25.78,86.2,23.82,0.02,6.59,86.18,163
260,ALACHUA,10/21/2020,15:00:00,25.04,25.37,25.26,24.8,91.3,23.74,0.01,6.07,78.25,231.05
260,ALACHUA,10/21/2020,16:00:00,25.18,26.71,26.52,26.05,89.1,24.57,0,5.02,71.25,283.67
260,ALACHUA,10/21/2020,17:00:00,25.35,26.87,27.15,26.82,77.9,22.96,0,8.51,90.87,133.5
260,ALACHUA,10/21/2020,18:00:00,25.4,25.34,25.76,25.45,82.4,22.54,0,5.3,62.91,32.6
260,ALACHUA,10/21/2020,19:00:00,25.3,23.88,24.23,23.95,91.1,22.68,0.03,4.35,54.07,2.37
260,ALACHUA,10/21/2020,20:00:00,25.14,23.24,23.51,23.22,94.3,22.54,0,4.3,45.64,1.76
260,ALACHUA,10/21/2020,21:00:00,24.97,23.12,23.41,23.1,95.2,22.59,0,6.58,74.7,1.7
260,ALACHUA,10/21/2020,22:00:00,24.8,22.94,23.26,22.94,95.5,22.5,0,5.07,71.31,1.64
260,ALACHUA,10/21/2020,23:00:00,24.64,22.49,22.8,22.46,96.3,22.18,0,3.31,52.55,1.69
260,ALACHUA,10/22/2020,0:00:00,24.49,22.26,22.57,22.27,96.7,22.02,0.09,3.08,62.37,1.92
260,ALACHUA,10/22/2020,1:00:00,24.34,22.17,22.43,22.1,97.3,21.98,0.01,2.66,53.61,1.95
260,ALACHUA,10/22/2020,2:00:00,24.22,22.36,22.57,22.22,97.7,22.18,0,4.7,54.93,2.1
260,ALACHUA,10/22/2020,3:00:00,24.14,22.23,22.47,22.13,97.8,22.1,0,2.87,49.19,2.27
260,ALACHUA,10/22/2020,4:00:00,24.06,22.18,22.35,21.99,98,22.01,0,3.39,45.82,2.34
260,ALACHUA,10/22/2020,5:00:00,23.99,22.15,22.32,21.95,98.1,22,0,4.06,57.76,2.51
260,ALACHUA,10/22/2020,6:00:00,23.94,22.06,22.26,21.92,98.2,21.96,0,3.09,49.3,2.55
260,ALACHUA,10/22/2020,7:00:00,23.88,22.01,22.2,21.85,98.1,21.89,0,4.21,41.79,3.1
260,ALACHUA,10/22/2020,8:00:00,23.83,22.01,22.14,21.76,98.2,21.84,0,3.96,46.1,27.8
260,ALACHUA,10/22/2020,9:00:00,23.81,22.65,22.7,22.26,97.9,22.34,0,4.71,59.77,133.1
260,ALACHUA,10/22/2020,10:00:00,23.88,24.75,24.65,24.03,92.9,23.42,0,5.08,59.51,356.25
260,ALACHUA,10/22/2020,11:00:00,24.12,26.66,26.36,25.58,85.2,23.67,0,6.33,73.59,464.45
260,ALACHUA,10/22/2020,12:00:00,24.56,27.22,26.98,26.28,81,23.44,0,8.6,81.17,457.55
260,ALACHUA,10/22/2020,13:00:00,25.02,27.93,27.6,26.82,75.6,22.92,0,9.07,88.29,519.75
260,ALACHUA,10/22/2020,14:00:00,25.45,24.38,24.28,23.7,88.5,22.22,0.03,8.57,100.54,292.5
260,ALACHUA,10/22/2020,15:00:00,25.63,26.31,25.97,25.35,85,23.23,0,8.27,95.53,472.28
260,ALACHUA,10/22/2020,16:00:00,25.84,27.16,27.01,26.4,79,23.05,0,10.44,77.98,362.67
260,ALACHUA,10/22/2020,17:00:00,25.98,26.63,26.61,26.11,75.6,21.94,0,9.56,72.3,253.07
260,ALACHUA,10/22/2020,18:00:00,25.92,24.9,25.14,24.79,82.2,21.9,0,7.22,72.74,65.92
260,ALACHUA,10/22/2020,19:00:00,25.73,23.37,23.8,23.47,88.8,21.85,0,5.2,64.77,2.42
260,ALACHUA,10/22/2020,20:00:00,25.44,22.68,23.05,22.71,92.2,21.71,0,5.75,67.27,1.48
260,ALACHUA,10/22/2020,21:00:00,25.18,22.5,22.83,22.47,93.8,21.77,0,5.76,67.48,1.55
260,ALACHUA,10/22/2020,22:00:00,24.94,21.96,22.29,21.97,93.9,21.26,0,5.41,73.91,1.55
260,ALACHUA,10/22/2020,23:00:00,24.72,21.32,21.67,21.37,95.3,20.88,0,2.99,64.69,1.56
260,ALACHUA,10/23/2020,0:00:00,24.51,21,21.3,20.99,96.3,20.68,0,3.17,56.18,1.56
260,ALACHUA,10/23/2020,1:00:00,24.32,21.12,21.36,21.04,96.9,20.84,0,3.56,51.27,1.56
260,ALACHUA,10/23/2020,2:00:00,24.15,21.37,21.6,21.26,97.4,21.17,0,3.82,58.22,1.58
260,ALACHUA,10/23/2020,3:00:00,24.02,21.36,21.59,21.24,97.7,21.21,0,3.19,66.42,1.62
260,ALACHUA,10/23/2020,4:00:00,23.9,21.22,21.48,21.15,97.8,21.12,0,2.54,58.76,1.64
260,ALACHUA,10/23/2020,5:00:00,23.8,21.11,21.36,21.04,98.1,21.04,0,2.61,50.32,1.66
260,ALACHUA,10/23/2020,6:00:00,23.7,21.25,21.45,21.12,98.1,21.14,0,3.17,46.85,1.69
260,ALACHUA,10/23/2020,7:00:00,23.64,21.14,21.41,21.11,98,21.08,0,1.96,51.49,2.79
260,ALACHUA,10/23/2020,8:00:00,23.56,21.8,21.88,21.52,97.6,21.48,0,2.45,54.35,95.07
260,ALACHUA,10/23/2020,9:00:00,23.54,24.27,24.21,23.68,92.7,22.94,0,4.01,80.96,262.77
260,ALACHUA,10/23/2020,10:00:00,23.7,26.66,26.35,25.62,83.7,23.36,0,6.81,106.55,433.1
260,ALACHUA,10/23/2020,11:00:00,24.08,27.47,27.2,26.43,79.3,23.3,0,5.81,90.92,434.22
260,ALACHUA,10/23/2020,12:00:00,24.57,27.68,27.55,26.83,75.6,22.85,0,6.12,88.59,352.58
260,ALACHUA,10/23/2020,13:00:00,25.02,28.09,27.76,26.94,75.7,23.08,0,7.27,93.05,481.5
260,ALACHUA,10/23/2020,14:00:00,25.42,25.49,25.56,24.86,83.8,22.6,0.02,8.15,98.49,178.2
260,ALACHUA,10/23/2020,15:00:00,25.56,23.13,23.23,22.75,93.2,22.08,0.07,6.83,92.01,170.02
260,ALACHUA,10/23/2020,16:00:00,25.51,24.5,24.56,24.08,90.9,22.98,0,5.9,77.06,194.02
260,ALACHUA,10/23/2020,17:00:00,25.5,24.44,24.71,24.2,88.2,22.63,0,5.71,84.05,99.66
260,ALACHUA,10/23/2020,18:00:00,25.44,23.62,24.11,23.76,87.3,21.87,0,4.84,76.34,33.46
260,ALACHUA,10/23/2020,19:00:00,25.26,22.5,23.12,22.93,90.8,21.53,0,2.74,72.48,1.92
260,ALACHUA,10/23/2020,20:00:00,25.03,21.92,22.55,22.44,92.1,21.21,0,2.26,80.22,1.43
260,ALACHUA,10/23/2020,21:00:00,24.8,21.17,21.76,21.73,94.5,20.85,0,2.21,74.27,1.49
260,ALACHUA,10/23/2020,22:00:00,24.57,20.8,21.4,21.3,95.2,20.61,0,1.87,91.35,1.52
260,ALACHUA,10/23/2020,23:00:00,24.35,20.22,20.82,20.91,96.4,20.22,0,1.6,43.89,1.53
260,ALACHUA,10/24/2020,0:00:00,24.13,19.92,20.45,20.49,97.1,19.98,0,2.03,45,1.52
260,ALACHUA,10/24/2020,1:00:00,23.93,19.79,20.31,20.31,97.6,19.91,0,1.4,39.57,1.52
260,ALACHUA,10/24/2020,2:00:00,23.74,19.32,19.82,19.99,97.8,19.46,0,1.55,16.96,1.49
260,ALACHUA,10/24/2020,3:00:00,23.54,19.7,20.13,20.05,98.1,19.82,0,1.87,45.06,1.56
260,ALACHUA,10/24/2020,4:00:00,23.38,19.19,19.72,19.77,98.2,19.43,0,0.63,67.06,1.56
260,ALACHUA,10/24/2020,5:00:00,23.24,18.83,19.24,19.27,98.2,18.96,0,0.71,64.25,1.56
260,ALACHUA,10/24/2020,6:00:00,23.1,18.68,19.08,19.3,98.4,18.82,0,1.44,60.15,1.57
260,ALACHUA,10/24/2020,7:00:00,22.96,18.59,18.99,19.27,98.5,18.75,0,1.34,49.41,2.41
260,ALACHUA,10/24/2020,8:00:00,22.84,19.33,19.48,19.4,98.6,19.25,0,1.2,60.87,46.92
260,ALACHUA,10/24/2020,9:00:00,22.77,22.3,22.15,21.71,96.9,21.62,0,3.76,80.22,243.85
260,ALACHUA,10/24/2020,10:00:00,22.88,24.48,24.36,23.7,90,22.61,0,5.22,95.1,290.3
260,ALACHUA,10/24/2020,11:00:00,23.23,26.49,26.04,25.29,83.2,22.97,0,5.73,126.15,463.75
260,ALACHUA,10/24/2020,12:00:00,23.75,27.21,26.79,25.99,77.8,22.58,0,6.25,138.17,477.78
260,ALACHUA,10/24/2020,13:00:00,24.36,28.32,27.71,26.8,75.1,22.9,0,5.63,112.32,614.58
260,ALACHUA,10/24/2020,14:00:00,24.96,26.98,26.79,26.21,78.8,22.81,0,3.47,77.04,317.45
260,ALACHUA,10/24/2020,15:00:00,25.42,28.78,28.54,27.85,67,21.82,0,6.47,104.78,402.62
260,ALACHUA,10/24/2020,16:00:00,25.73,28.94,28.75,28.02,65.2,21.57,0,7.21,109.4,358.22
260,ALACHUA,10/24/2020,17:00:00,25.9,27.76,28.03,27.53,66.8,21.27,0,4.97,121.68,120.95
260,ALACHUA,10/24/2020,18:00:00,25.88,25.55,26.15,26.01,78.2,22.04,0,2.13,92.92,31.52
260,ALACHUA,10/24/2020,19:00:00,25.73,23.32,24.12,24.3,87.1,21.84,0,2.35,117.91,1.64
260,ALACHUA,10/24/2020,20:00:00,25.51,23.2,23.96,23.9,82.7,20.83,0,4.13,112.97,1.39
260,ALACHUA,10/24/2020,21:00:00,25.25,23.06,23.62,23.43,84,20.77,0,1.07,111.04,1.42
260,ALACHUA,10/24/2020,22:00:00,25,23.17,23.62,23.28,86.1,21.14,0,1.37,39.86,1.45
260,ALACHUA,10/24/2020,23:00:00,24.81,22.13,22.44,22.01,91.8,21.02,0.01,1.76,20.84,1.46
260,ALACHUA,10/25/2020,0:00:00,24.62,21.54,21.78,21.35,95,20.94,0,1.3,41.62,1.56
260,ALACHUA,10/25/2020,1:00:00,24.46,21.02,21.32,20.98,96.3,20.71,0,1.14,40,1.56
260,ALACHUA,10/25/2020,2:00:00,24.29,20.25,20.78,20.6,96.9,20.26,0,0.86,41.44,1.56
260,ALACHUA,10/25/2020,3:00:00,24.1,19.72,20.33,20.37,97.3,19.89,0,0.85,20.17,1.55
260,ALACHUA,10/25/2020,4:00:00,23.9,19.52,20.02,20.14,97.6,19.63,0,0.89,71.45,1.55
260,ALACHUA,10/25/2020,5:00:00,23.69,19.32,19.78,19.87,97.8,19.43,0,0.75,20.02,1.56
260,ALACHUA,10/25/2020,6:00:00,23.52,19.7,20.02,19.8,98,19.69,0,0.88,96.26,1.86
260,ALACHUA,10/25/2020,7:00:00,23.39,19.47,19.78,19.55,98.2,19.49,0,1.01,38.68,2.67
260,ALACHUA,10/25/2020,8:00:00,23.26,19.9,20.01,19.74,98.3,19.73,0.01,0.82,35.9,57.76
260,ALACHUA,10/25/2020,9:00:00,23.2,22.83,22.48,22.04,97.2,22.01,0,1.37,108.75,235.4
260,ALACHUA,10/25/2020,10:00:00,23.31,26.4,26.06,25.41,89.5,24.19,0,0.95,132.38,405.85
260,ALACHUA,10/25/2020,11:00:00,23.72,28.61,27.96,27.15,79.5,24.08,0,2.2,299.06,549.67
260,ALACHUA,10/25/2020,12:00:00,24.39,29.56,28.96,28.12,69.3,22.78,0,2.83,328.55,489.12
260,ALACHUA,10/25/2020,13:00:00,25.08,29.28,28.94,28.15,67.4,22.3,0,2.84,5.3,451.65
260,ALACHUA,10/25/2020,14:00:00,25.57,30.21,29.69,28.77,63.4,21.99,0,4.36,354.66,570.35
260,ALACHUA,10/25/2020,15:00:00,26.1,31.06,30.35,29.34,60.4,21.82,0,4.35,326.3,579.85
260,ALACHUA,10/25/2020,16:00:00,26.55,29.97,29.83,29.01,61.3,21.58,0,3.28,356.41,246.13
260,ALACHUA,10/25/2020,17:00:00,26.72,30.42,30.18,29.5,60.4,21.68,0,1.7,341.11,194.27
260,ALACHUA,10/25/2020,18:00:00,26.68,29.03,29.22,28.73,66.2,22.22,0,1.33,359.11,66.31
260,ALACHUA,10/25/2020,19:00:00,26.52,24.08,25.24,25.42,83.4,22.21,0,1.04,14.14,2.08
260,ALACHUA,10/25/2020,20:00:00,26.24,23.1,24.04,24.35,88.4,21.99,0,2.54,57.26,1.39
260,ALACHUA,10/25/2020,21:00:00,25.94,23.58,24.23,24.16,89.2,22.34,0,4.38,86.22,1.57
260,ALACHUA,10/25/2020,22:00:00,25.66,22.97,23.7,23.62,91.5,22.22,0,1.93,86.27,1.61
260,ALACHUA,10/25/2020,23:00:00,25.4,21.8,22.58,22.72,94.6,21.67,0,1.03,69.49,1.66
260,ALACHUA,10/26/2020,0:00:00,25.14,20.98,21.71,22.15,96,21.05,0,1.19,60.58,1.7
260,ALACHUA,10/26/2020,1:00:00,24.87,20.28,21.02,21.51,96.9,20.51,0,1.18,63.84,1.75
260,ALACHUA,10/26/2020,2:00:00,24.65,19.85,20.65,21.3,97.4,20.22,0,1.51,75.21,1.9
260,ALACHUA,10/26/2020,3:00:00,24.39,19.24,20.06,20.94,97.7,19.68,0,1.45,67.08,1.88
260,ALACHUA,10/26/2020,4:00:00,24.16,19.2,19.85,20.69,97.9,19.51,0,1.83,52.95,1.87
260,ALACHUA,10/26/2020,5:00:00,23.94,20.25,20.55,20.35,98.1,20.25,0,2.54,38.49,1.95
260,ALACHUA,10/26/2020,6:00:00,23.79,20.34,20.56,20.27,98.3,20.28,0,2.55,60.25,1.95
260,ALACHUA,10/26/2020,7:00:00,23.67,20.44,20.63,20.31,98.5,20.38,0,3.31,52.23,2.86
260,ALACHUA,10/26/2020,8:00:00,23.58,21.06,21.2,20.82,98.6,20.96,0,3.21,50.26,39.09
260,ALACHUA,10/26/2020,9:00:00,23.53,22.17,22.2,21.7,98.7,21.98,0,4.53,69.51,118.8
260,ALACHUA,10/26/2020,10:00:00,23.59,23.82,23.68,23.17,97,23.18,0,7.02,81.55,310.02
260,ALACHUA,10/26/2020,11:00:00,23.8,26.15,25.9,25.2,87,23.56,0,7.49,69.57,462.18
260,ALACHUA,10/26/2020,12:00:00,24.18,27.99,27.58,26.72,76.8,23.15,0,8.55,84.68,613.88
260,ALACHUA,10/26/2020,13:00:00,24.72,28.89,28.54,27.71,73,23.23,0,8,79.72,522.17
260,ALACHUA,10/26/2020,14:00:00,25.24,29.05,28.92,28.21,70.2,22.95,0,7.56,92.64,433.12
260,ALACHUA,10/26/2020,15:00:00,25.65,29.08,29.04,28.33,69.5,22.89,0,8.18,88.99,328.78
260,ALACHUA,10/26/2020,16:00:00,25.91,28.76,28.85,28.26,69.7,22.76,0,8.58,86.06,270.32
260,ALACHUA,10/26/2020,17:00:00,26.02,28.13,28.27,27.77,71.5,22.62,0,7.84,88.35,193.3
260,ALACHUA,10/26/2020,18:00:00,26,26.63,27.05,26.72,76.3,22.51,0,6.3,80.83,55.93
260,ALACHUA,10/26/2020,19:00:00,25.86,24.96,25.58,25.34,82,22.27,0,5.87,81.67,2.04
260,ALACHUA,10/26/2020,20:00:00,25.65,24,24.56,24.34,87.2,22.29,0,5.07,78.96,1.39
260,ALACHUA,10/26/2020,21:00:00,25.44,23.59,24.05,23.78,90.8,22.46,0,6.3,88.6,1.47
260,ALACHUA,10/26/2020,22:00:00,25.22,23.37,23.74,23.43,93.2,22.58,0,6.63,88.92,1.52
260,ALACHUA,10/26/2020,23:00:00,25.03,23.65,23.98,23.61,93.9,22.94,0,6.95,90.1,1.58
260,ALACHUA,10/27/2020,0:00:00,24.88,23.63,23.96,23.53,94.4,23,0,6.2,82.4,1.58
260,ALACHUA,10/27/2020,1:00:00,24.79,23.14,23.46,23.09,95.7,22.74,0,5.44,78.66,1.55
260,ALACHUA,10/27/2020,2:00:00,24.68,23.07,23.36,22.97,96.3,22.74,0,4.48,79.19,1.57
260,ALACHUA,10/27/2020,3:00:00,24.58,22.94,23.25,22.88,96.6,22.68,0,3.42,67.67,1.6
260,ALACHUA,10/27/2020,4:00:00,24.51,22.82,23.09,22.7,97.1,22.6,0,2.31,50.82,1.63
260,ALACHUA,10/27/2020,5:00:00,24.42,22.78,23.01,22.62,97.4,22.58,0,3.19,53.23,1.62
260,ALACHUA,10/27/2020,6:00:00,24.35,22.92,23.16,22.76,97.5,22.74,0,3.36,66.56,1.61
260,ALACHUA,10/27/2020,7:00:00,24.3,23.16,23.44,23.05,97.6,23.03,0,4.59,77.74,2.5
260,ALACHUA,10/27/2020,8:00:00,24.26,23.58,23.8,23.4,97.2,23.34,0,5.43,86.25,56.32
260,ALACHUA,10/27/2020,9:00:00,24.23,25.33,25.3,24.81,93.2,24.13,0,7.62,91.99,204.45
260,ALACHUA,10/27/2020,10:00:00,24.28,27.05,26.88,26.26,86.5,24.43,0,9.37,98.91,350.62
260,ALACHUA,10/27/2020,11:00:00,24.45,28.26,28.04,27.31,80.4,24.36,0,8.34,112.74,362.8
260,ALACHUA,10/27/2020,12:00:00,24.78,28.42,28.32,27.7,78.8,24.28,0,7.55,105.33,325.97
260,ALACHUA,10/27/2020,13:00:00,25.1,29.21,29.06,28.34,74.9,24.17,0,8.86,107.55,348.5
260,ALACHUA,10/27/2020,14:00:00,25.43,28.6,28.7,28.14,77.1,24.28,0,6.49,89.01,220.27
260,ALACHUA,10/27/2020,15:00:00,25.67,28.05,28,27.44,81.6,24.57,0,9.16,90.55,353.25
260,ALACHUA,10/27/2020,16:00:00,25.87,27.97,28.11,27.52,80.8,24.5,0,5.86,81.34,170.61
260,ALACHUA,10/27/2020,17:00:00,25.99,28.16,28.34,27.87,81,24.76,0,6.07,101.18,178.54
260,ALACHUA,10/27/2020,18:00:00,26.03,27.06,27.6,27.18,81.8,24.22,0,6.18,89.79,32.17
260,ALACHUA,10/27/2020,19:00:00,25.98,25.84,26.4,26.01,86.1,23.89,0,6.66,87.02,1.66
260,ALACHUA,10/27/2020,20:00:00,25.84,25.34,25.85,25.42,87.1,23.53,0,8.66,96.2,1.56
260,ALACHUA,10/27/2020,21:00:00,25.69,24.78,25.27,24.9,88.9,23.3,0,7.83,104.45,1.51
260,ALACHUA,10/27/2020,22:00:00,25.52,24.25,24.71,24.35,90.6,23.07,0,7.07,103.95,1.49
260,ALACHUA,10/27/2020,23:00:00,25.34,24.01,24.38,23.99,92.2,23.03,0,5.88,103.02,1.51
260,ALACHUA,10/28/2020,0:00:00,25.2,23.81,24.16,23.77,93.6,23.06,0,4.97,106.58,1.52
260,ALACHUA,10/28/2020,1:00:00,25.08,23.61,23.98,23.62,94.6,23.06,0,4.72,100.65,1.52
260,ALACHUA,10/28/2020,2:00:00,24.96,23.22,23.6,23.26,95.5,22.83,0,4.69,100.81,1.54
260,ALACHUA,10/28/2020,3:00:00,24.84,22.77,23.13,22.81,96.3,22.52,0,5.04,98.11,1.57
260,ALACHUA,10/28/2020,4:00:00,24.72,22.39,22.82,22.56,96.8,22.28,0,2.76,98.69,1.6
260,ALACHUA,10/28/2020,5:00:00,24.58,22,22.5,22.33,97.4,22.06,0,2.39,102.97,1.62
260,ALACHUA,10/28/2020,6:00:00,24.45,21.85,22.43,22.37,97.7,22.05,0,1.78,114.61,1.7
260,ALACHUA,10/28/2020,7:00:00,24.31,21.59,22.25,22.28,97.9,21.9,0,2.67,113.06,2.54
260,ALACHUA,10/28/2020,8:00:00,24.17,22.62,22.85,22.62,97.8,22.5,0,3.62,105.61,61.88
260,ALACHUA,10/28/2020,9:00:00,24.07,24.68,24.67,24.19,94.8,23.78,0,5.74,124.71,221.4
260,ALACHUA,10/28/2020,10:00:00,24.11,26.86,26.7,26.1,87.2,24.38,0,7.8,139.08,335.22
260,ALACHUA,10/28/2020,11:00:00,24.33,28.74,28.26,27.44,80,24.47,0,8.13,141.79,545.3
260,ALACHUA,10/28/2020,12:00:00,24.72,29.77,29.39,28.56,73.6,24.19,0,7.64,135.23,489.45
260,ALACHUA,10/28/2020,13:00:00,25.22,29.94,29.73,28.95,71.2,23.96,0,8.02,128.8,439.92
260,ALACHUA,10/28/2020,14:00:00,25.66,30.44,30.19,29.45,69.1,23.9,0,6.21,151.78,401.7
260,ALACHUA,10/28/2020,15:00:00,26,30.84,30.54,29.75,67.9,23.94,0,6.08,154.96,362.48
260,ALACHUA,10/28/2020,16:00:00,26.29,31.12,30.81,30.08,66.8,23.92,0,5.73,138.9,364.25
260,ALACHUA,10/28/2020,17:00:00,26.54,29.62,29.81,29.31,71.4,24.08,0,4.48,126.18,122.13
260,ALACHUA,10/28/2020,18:00:00,26.63,28.35,28.71,28.64,77.5,24.37,0,2.79,114.36,47.71
260,ALACHUA,10/28/2020,19:00:00,26.56,25.53,26.49,26.84,86.1,23.98,0,3.68,112.45,1.63
260,ALACHUA,10/28/2020,20:00:00,26.38,25.29,26.11,26.09,87,23.77,0,4.63,117.96,1.39
260,ALACHUA,10/28/2020,21:00:00,26.16,25.5,26.02,25.73,89.2,24.12,0,6.31,128.27,1.44
260,ALACHUA,10/28/2020,22:00:00,25.96,25.37,25.82,25.5,90.4,24.12,0,6.83,137.06,1.48
260,ALACHUA,10/28/2020,23:00:00,25.77,25.2,25.68,25.32,88.9,23.71,0,6.6,145.14,1.45
260,ALACHUA,10/29/2020,0:00:00,25.61,24.74,25.23,24.88,88.7,23.24,0,5.01,153.13,1.44
260,ALACHUA,10/29/2020,1:00:00,25.44,24.38,24.82,24.47,90,23.07,0,5.92,152.92,1.48
260,ALACHUA,10/29/2020,2:00:00,25.29,24.33,24.74,24.38,90.8,23.14,0,6.37,167.77,1.48
260,ALACHUA,10/29/2020,3:00:00,25.14,24.09,24.52,24.17,92.3,23.19,0,6.56,182.61,1.48
260,ALACHUA,10/29/2020,4:00:00,25.02,24.04,24.45,24.1,93,23.26,0,8.3,182.4,1.52
260,ALACHUA,10/29/2020,5:00:00,24.9,23.98,24.4,24.06,93.4,23.26,0,7.51,189.26,1.52
260,ALACHUA,10/29/2020,6:00:00,24.8,24.04,24.46,24.1,93,23.24,0,7.37,195.45,1.54
260,ALACHUA,10/29/2020,7:00:00,24.71,23.74,24.15,23.82,93.6,23.05,0,8.6,194.46,3.46
260,ALACHUA,10/29/2020,8:00:00,24.62,23.99,24.27,23.89,93.5,23.16,0,8.13,198.4,61.69
260,ALACHUA,10/29/2020,9:00:00,24.55,25.54,25.48,24.92,90.3,23.78,0,9.48,195.85,213.92
260,ALACHUA,10/29/2020,10:00:00,24.57,26.86,26.69,26,86.6,24.27,0,10.99,205.85,284.55
260,ALACHUA,10/29/2020,11:00:00,24.71,28.71,28.42,27.59,80.4,24.71,0,11.73,215.77,425.18
260,ALACHUA,10/29/2020,12:00:00,24.97,29.92,29.6,28.7,73.4,24.35,0,13.73,221.3,503.15
260,ALACHUA,10/29/2020,13:00:00,25.33,30.51,30.25,29.3,69.6,24.07,0,13.99,225.18,521.22
260,ALACHUA,10/29/2020,14:00:00,25.67,30.58,30.35,29.42,68.6,23.93,0,13.52,228.01,463.42
260,ALACHUA,10/29/2020,15:00:00,25.99,29.86,29.77,29.02,71.9,24.14,0,12.18,228.48,314.18
260,ALACHUA,10/29/2020,16:00:00,26.2,27.73,27.92,27.23,80.4,24.16,0.03,12.19,233.33,152.45
260,ALACHUA,10/29/2020,17:00:00,26.29,24.66,24.87,24.42,92.4,23.56,0,8.44,233.67,73.74
260,ALACHUA,10/29/2020,18:00:00,26.19,24.48,24.69,24.24,93.9,23.64,0,7.4,218.8,44.47
260,ALACHUA,10/29/2020,19:00:00,26.04,24.36,24.68,24.34,95.2,23.85,0,7.59,211.23,1.84
260,ALACHUA,10/29/2020,20:00:00,25.85,24.33,24.62,24.24,95.7,23.88,0,5.8,224.57,1.49
260,ALACHUA,10/29/2020,21:00:00,25.69,23.72,24.12,23.77,94,23.08,0.01,7.23,262.17,1.5
260,ALACHUA,10/29/2020,22:00:00,25.53,22.07,22.66,22.58,88.5,20.65,0,6.13,244.66,1.34
260,ALACHUA,10/29/2020,23:00:00,25.32,21.1,21.68,21.56,87,19.42,0,5.79,261.04,1.37
260,ALACHUA,10/30/2020,0:00:00,25.04,20.41,20.91,20.82,85.2,18.34,0,8.94,277.94,1.46
260,ALACHUA,10/30/2020,1:00:00,24.76,19.1,19.56,19.61,86.7,17.28,0,7.58,286.21,1.38
260,ALACHUA,10/30/2020,2:00:00,24.43,17.75,18.26,18.35,85.3,15.75,0,7.13,291.72,1.34
260,ALACHUA,10/30/2020,3:00:00,24.1,16.15,16.73,16.93,86,14.39,0,5.3,300.06,1.33
260,ALACHUA,10/30/2020,4:00:00,23.76,15.07,15.56,15.72,87,13.41,0,4.68,302.53,1.25
260,ALACHUA,10/30/2020,5:00:00,23.4,14,14.48,14.58,87.1,12.36,0,4.48,305.33,1.17
260,ALACHUA,10/30/2020,6:00:00,23.05,12.71,13.19,13.36,88.4,11.32,0,3.43,303.64,1.17
260,ALACHUA,10/30/2020,7:00:00,22.7,11.62,12.07,12.22,88.5,10.23,0,3.54,308.94,1.95
260,ALACHUA,10/30/2020,8:00:00,22.36,12.06,12.06,12.06,85.9,9.77,0,4.16,322.26,73.99
260,ALACHUA,10/30/2020,9:00:00,22.04,13.52,13.15,12.9,78.8,9.55,0,6.87,345.76,250.23
260,ALACHUA,10/30/2020,10:00:00,21.84,14.82,14.18,13.76,73,9.41,0,6.37,359.43,421.9
260,ALACHUA,10/30/2020,11:00:00,21.84,16.73,15.8,15.28,68.7,10.07,0,4.56,0.99,557.75
260,ALACHUA,10/30/2020,12:00:00,22.1,18.33,17.32,16.64,65.2,10.72,0,4.53,345.2,639.52
260,ALACHUA,10/30/2020,13:00:00,22.59,19.76,18.76,18.02,61.6,11.22,0,4.77,359.98,662.68
260,ALACHUA,10/30/2020,14:00:00,23.18,21.23,20.35,19.5,57.8,11.78,0,4.64,350.26,631.75
260,ALACHUA,10/30/2020,15:00:00,23.77,22.2,21.28,20.45,55.7,12.09,0,5.05,320.05,542.05
260,ALACHUA,10/30/2020,16:00:00,24.21,22.96,22.16,21.46,53.3,12.22,0,3.44,354.26,404.33
260,ALACHUA,10/30/2020,17:00:00,24.47,22.76,22.28,21.78,54,12.52,0,3.22,12.61,233.28
260,ALACHUA,10/30/2020,18:00:00,24.52,20.92,21.11,20.86,60.6,13.13,0,2.09,351.83,58.4
260,ALACHUA,10/30/2020,19:00:00,24.35,15.32,16.52,17.03,82.8,13.57,0,0.75,10.91,1.71
260,ALACHUA,10/30/2020,20:00:00,24.03,13.56,14.52,15,90.8,13.04,0,0.8,31.88,1.33
260,ALACHUA,10/30/2020,21:00:00,23.63,12.6,13.55,14.19,93.7,12.56,0,0.84,22.83,1.23
260,ALACHUA,10/30/2020,22:00:00,23.22,12.28,13.21,14.18,95.1,12.44,0,1.53,26.97,1.24
260,ALACHUA,10/30/2020,23:00:00,22.84,11.89,12.8,13.53,95.7,12.12,0,0.79,55.41,1.26
260,ALACHUA,10/31/2020,0:00:00,22.49,11.19,12.02,12.64,96.2,11.44,0,0.66,43.4,1.49
260,ALACHUA,10/31/2020,1:00:00,22.16,11.13,11.78,12.04,96.8,11.28,0,0.27,351,1.52
260,ALACHUA,10/31/2020,2:00:00,21.86,11.01,11.6,11.92,97.1,11.15,0,0.44,348.37,1.47
260,ALACHUA,10/31/2020,3:00:00,21.59,10.75,11.36,11.76,97.3,10.96,0,0.14,122.82,1.42
260,ALACHUA,10/31/2020,4:00:00,21.33,10.84,11.39,11.64,97.5,11.01,0,0.28,308.31,1.44
260,ALACHUA,10/31/2020,5:00:00,21.1,11,11.55,12.04,97.8,11.21,0,0.96,32.27,1.46
260,ALACHUA,10/31/2020,6:00:00,20.88,12.14,12.48,12.9,97.3,12.06,0,1.96,37.15,1.56
260,ALACHUA,10/31/2020,7:00:00,20.7,12.24,12.65,12.88,96.7,12.13,0,1.79,41.16,2.29
260,ALACHUA,10/31/2020,8:00:00,20.55,13.7,13.78,13.82,95.7,13.11,0,2.9,38.72,78.62
260,ALACHUA,10/31/2020,9:00:00,20.44,16.56,16.34,16.11,92.3,15.09,0,4.79,40.31,237.9
260,ALACHUA,10/31/2020,10:00:00,20.45,19.77,19.34,18.89,87.8,17.26,0,6.15,52.85,397.78
260,ALACHUA,10/31/2020,11:00:00,20.72,22.85,22.31,21.58,81.8,19.04,0,6.58,47.67,525.6
260,ALACHUA,10/31/2020,12:00:00,21.23,24.6,24.03,23.24,76.8,19.72,0,6.05,47.52,607.62
260,ALACHUA,10/31/2020,13:00:00,21.92,25.9,25.35,24.47,73.1,20.2,0,7.69,79.09,566.95
260,ALACHUA,10/31/2020,14:00:00,22.65,26.66,26.2,25.36,71.6,20.66,0,6.78,70.3,562.55
260,ALACHUA,10/31/2020,15:00:00,23.28,27.25,27.04,26.29,67.6,20.53,0,6.79,75.16,401.72
260,ALACHUA,10/31/2020,16:00:00,23.74,27.23,27.09,26.36,69.5,21.02,0,5.54,44.01,329.65
260,ALACHUA,10/31/2020,17:00:00,24.04,26.26,26.26,25.68,73.1,21.05,0,4.9,39.22,192.8
260,ALACHUA,10/31/2020,18:00:00,24.16,24.12,24.37,23.94,79.8,20.65,0,4.43,31.51,51.71
260,ALACHUA,10/31/2020,19:00:00,24.1,21.55,21.99,21.73,87.2,19.77,0,4.07,38.92,1.82
260,ALACHUA,10/31/2020,20:00:00,23.89,20.27,20.65,20.4,91.4,19.2,0,4.13,44.89,1.44
260,ALACHUA,10/31/2020,21:00:00,23.62,19.33,19.73,19.47,94.2,18.77,0,3.18,44.71,1.57
260,ALACHUA,10/31/2020,22:00:00,23.38,18.68,19.03,18.82,95.9,18.36,0,2.26,49.72,1.75
260,ALACHUA,10/31/2020,23:00:00,23.15,18.26,18.62,18.43,96.7,18.09,0,2.16,34.72,1.74
260,ALACHUA,11/1/2020,0:00:00,22.92,18.57,18.73,18.43,97.4,18.31,0,2.51,46.77,1.84
260,ALACHUA,11/1/2020,1:00:00,22.74,18.15,18.35,18.06,97.8,18,0,1.29,62.66,2.3
260,ALACHUA,11/1/2020,2:00:00,22.61,17.4,17.78,17.59,98,17.46,0,0.59,4.31,2.47
260,ALACHUA,11/1/2020,3:00:00,22.47,16.67,17.12,17.14,98.2,16.82,0,0.69,28.17,2.4
260,ALACHUA,11/1/2020,4:00:00,22.3,16.71,17.1,17.15,98.2,16.82,0,0.78,14.55,2.52
260,ALACHUA,11/1/2020,5:00:00,22.15,17.22,17.48,17.42,98.4,17.23,0,1.33,30.28,2.52
260,ALACHUA,11/1/2020,6:00:00,22.04,18.06,18.15,17.91,98.5,17.9,0.01,1.83,14.79,2.55
260,ALACHUA,11/1/2020,7:00:00,21.94,18.66,18.76,18.46,98.5,18.52,0,3.44,14.18,2.72
260,ALACHUA,11/1/2020,8:00:00,21.9,19.03,19.1,18.77,98.5,18.87,0.01,2.23,31.35,28.39
260,ALACHUA,11/1/2020,9:00:00,21.88,19.89,19.82,19.44,98.4,19.57,0,2.13,54.34,87.41
260,ALACHUA,11/1/2020,10:00:00,21.94,20.94,20.89,20.48,98.1,20.58,0.01,1.65,40.54,93.06
260,ALACHUA,11/1/2020,11:00:00,22.08,22.4,22.14,21.59,97.2,21.68,0.01,2.69,49.31,309.6
260,ALACHUA,11/1/2020,12:00:00,22.36,25.65,25.18,24.29,88.9,23.2,0.01,4.02,113.56,574.22
260,ALACHUA,11/1/2020,13:00:00,22.96,27.76,27.24,26.29,79.3,23.33,0,5.9,180.28,497.45
260,ALACHUA,11/1/2020,14:00:00,23.59,24.09,24.12,23.44,85.8,21.53,0.11,5.69,298.56,113.38
260,ALACHUA,11/1/2020,15:00:00,23.9,22.2,22.22,21.7,94.9,21.36,0.01,4.01,321.32,143.92
260,ALACHUA,11/1/2020,16:00:00,23.95,22.88,22.84,22.38,94,21.82,0.02,2.78,330.36,151.98
260,ALACHUA,11/1/2020,17:00:00,24.01,22.48,22.52,22.14,94.2,21.54,0.01,1.83,322.76,64.75
260,ALACHUA,11/1/2020,18:00:00,24.01,22.02,22.09,21.75,94.8,21.22,0,1.91,321.95,24.87
260,ALACHUA,11/1/2020,19:00:00,23.95,21.26,21.51,21.28,95,20.67,0,1.11,357.42,1.99
260,ALACHUA,11/1/2020,20:00:00,23.82,19.8,20.31,20.2,96,19.65,0,2.16,338.32,1.83
260,ALACHUA,11/1/2020,21:00:00,23.6,17.99,18.71,19.06,96.9,18.2,0,1.27,311.67,1.68
260,ALACHUA,11/1/2020,22:00:00,23.3,17.68,18.24,18.45,97.3,17.8,0,3.1,333.31,1.76
260,ALACHUA,11/1/2020,23:00:00,22.97,17.7,18.27,18.27,94.3,17.34,0,3.95,335.53,1.77
260,ALACHUA,11/2/2020,0:00:00,22.68,16.79,17.49,17.61,93.1,16.38,0,2.68,327.27,1.75
260,ALACHUA,11/2/2020,1:00:00,22.18,15.41,16.06,16.15,92.1,14.77,0,3.39,325.96,1.61
260,ALACHUA,11/2/2020,2:00:00,21.8,14.43,15,15.03,87.2,12.9,0,4.39,344.43,1.44
260,ALACHUA,11/2/2020,3:00:00,21.5,13.03,13.68,13.81,84.2,11.06,0,2.95,4.93,1.25
260,ALACHUA,11/2/2020,4:00:00,21.19,12.16,12.77,12.97,79,9.21,0,4.33,6.2,1.19
260,ALACHUA,11/2/2020,5:00:00,20.86,11.56,12.1,12.3,75.7,7.94,0,5.14,11.06,1.21
260,ALACHUA,11/2/2020,6:00:00,20.52,10.74,11.17,11.34,71.6,6.22,0,5.73,21.55,1.87
260,ALACHUA,11/2/2020,7:00:00,20.18,10.51,10.68,10.75,65.2,4.41,0,5.23,26.01,70.07
260,ALACHUA,11/2/2020,8:00:00,19.86,11.83,11.63,11.5,56.6,3.29,0,8.05,29.34,247.65
260,ALACHUA,11/2/2020,9:00:00,19.64,13.3,12.89,12.6,48.1,2.15,0,9.5,38.02,421.65
260,ALACHUA,11/2/2020,10:00:00,19.63,14.85,14.27,13.84,41.3,1.31,0,9.35,38.08,559.65
260,ALACHUA,11/2/2020,11:00:00,19.83,16.34,15.7,15.2,36.2,0.71,0,9.14,44.73,645.38
260,ALACHUA,11/2/2020,12:00:00,20.26,17.4,16.66,16.07,34.6,0.96,0,10.67,67.08,665.02
260,ALACHUA,11/2/2020,13:00:00,20.79,17.97,17.31,16.74,36.6,2.32,0,10.45,57.79,629.08
260,ALACHUA,11/2/2020,14:00:00,21.3,18.5,17.87,17.31,41.6,4.65,0,8.89,58.83,535.52
260,ALACHUA,11/2/2020,15:00:00,21.68,18.39,17.91,17.48,45.4,5.94,0,8.4,57.11,396.3
260,ALACHUA,11/2/2020,16:00:00,21.88,17.71,17.4,17.22,47.1,6.02,0,6.28,67.8,224.6
260,ALACHUA,11/2/2020,17:00:00,21.87,15.4,15.73,15.8,53.8,6.35,0,3.44,56.48,53.61
260,ALACHUA,11/2/2020,18:00:00,21.66,10.71,12.4,13.26,69,6.86,0,2.78,56.77,1.47
260,ALACHUA,11/2/2020,19:00:00,21.3,8.07,9.3,10.88,83,6.56,0,1.41,48.48,0.89
260,ALACHUA,11/2/2020,20:00:00,20.87,7.02,7.97,8.28,89.2,6.3,0,0.46,3.93,0.97
260,ALACHUA,11/2/2020,21:00:00,20.44,6.22,7.05,7.39,92.5,5.91,0,0.48,23.44,0.98
260,ALACHUA,11/2/2020,22:00:00,20.02,5.68,6.35,6.75,94.3,5.49,0,0.62,9.8,0.98
260,ALACHUA,11/2/2020,23:00:00,19.63,4.8,5.65,6.06,95.3,4.96,0,0.57,285.52,0.98
260,ALACHUA,11/3/2020,0:00:00,19.26,4.34,5.13,5.44,96.1,4.56,0,0.1,350.8,1
260,ALACHUA,11/3/2020,1:00:00,18.91,4.06,4.79,5.1,96.5,4.28,0,0.31,46.67,1.12
260,ALACHUA,11/3/2020,2:00:00,18.59,3.71,4.43,5.03,96.7,3.96,0,0.4,317.96,1.12
260,ALACHUA,11/3/2020,3:00:00,18.29,3.74,4.31,4.75,97.1,3.89,0,0.67,58.03,1.14
260,ALACHUA,11/3/2020,4:00:00,18.02,4.45,5.09,6.54,95.7,4.45,0,2.82,45.51,1.17
260,ALACHUA,11/3/2020,5:00:00,17.78,4.4,5.24,5.91,92.1,4.07,0,1.94,35.1,1.16
260,ALACHUA,11/3/2020,6:00:00,17.56,4.25,5.26,5.8,90.1,3.76,0,1.71,44.37,1.72
260,ALACHUA,11/3/2020,7:00:00,17.34,6.13,6.58,6.83,85.1,4.26,0,2.17,40.98,70.25
260,ALACHUA,11/3/2020,8:00:00,17.17,10.45,10.11,10.06,73.3,5.54,0,3.31,40.15,239.25
260,ALACHUA,11/3/2020,9:00:00,17.17,14.4,13.73,13.45,60.1,6.11,0,4.23,37.79,407.15
260,ALACHUA,11/3/2020,10:00:00,17.42,17.44,16.64,16.08,54.6,7.46,0,5.34,42.1,543.8
260,ALACHUA,11/3/2020,11:00:00,17.96,19.4,18.58,17.85,52.4,8.65,0,5.32,57.09,629.83
260,ALACHUA,11/3/2020,12:00:00,18.69,20.87,19.9,19.14,46.3,8.05,0,5.01,99.67,653.28
260,ALACHUA,11/3/2020,13:00:00,19.49,21.84,20.94,20.16,41.7,7.45,0,4.73,64.45,622.3
260,ALACHUA,11/3/2020,14:00:00,20.25,22.2,21.4,20.69,38.7,6.76,0,4.91,79.22,532.33
260,ALACHUA,11/3/2020,15:00:00,20.84,22.18,21.62,21.08,37.9,6.68,0,4.35,27.15,391.88
260,ALACHUA,11/3/2020,16:00:00,21.19,21.64,21.34,20.94,38,6.46,0,3.84,44.03,222.78
260,ALACHUA,11/3/2020,17:00:00,21.3,18.62,19.2,19.33,47.9,7.72,0,2.26,32.14,52.6
260,ALACHUA,11/3/2020,18:00:00,21.16,12.26,13.75,14.68,74.2,9.18,0,0.87,20.78,1.36
260,ALACHUA,11/3/2020,19:00:00,20.84,10.17,11.41,11.86,83.1,8.64,0,0.55,55.18,0.99
260,ALACHUA,11/3/2020,20:00:00,20.44,8.93,10.01,10.56,89.1,8.3,0,1.07,80.28,1.17
260,ALACHUA,11/3/2020,21:00:00,20.04,8.13,9.05,9.65,91.4,7.73,0,0.95,50.19,1.16
260,ALACHUA,11/3/2020,22:00:00,19.67,7.6,8.64,9.5,93.7,7.67,0,1.34,84.35,1.13
260,ALACHUA,11/3/2020,23:00:00,19.31,7.19,8.21,9.08,94.9,7.44,0,1.08,86.61,1.04
260,ALACHUA,11/4/2020,0:00:00,18.98,7.26,8.04,8.91,95.7,7.4,0,0.7,27.59,1.16
260,ALACHUA,11/4/2020,1:00:00,18.69,7.42,8.07,8.64,96.3,7.52,0,1,34.29,1.14
260,ALACHUA,11/4/2020,2:00:00,18.43,7.52,8.24,9.15,96.7,7.75,0,2.05,20.61,1.2
260,ALACHUA,11/4/2020,3:00:00,18.21,8.4,8.92,9.72,95.6,8.26,0,2.4,31.04,1.36
260,ALACHUA,11/4/2020,4:00:00,18.01,8.52,9.23,9.96,93.2,8.19,0,2.4,37.46,1.36
260,ALACHUA,11/4/2020,5:00:00,17.85,8.82,9.62,10.15,89.6,7.99,0,2.75,39.41,1.32
260,ALACHUA,11/4/2020,6:00:00,17.71,9.14,9.89,10.27,85.9,7.64,0,2.5,38.68,1.78
260,ALACHUA,11/4/2020,7:00:00,17.58,10.44,10.66,10.8,83.1,7.9,0,2.21,42.63,63.18
260,ALACHUA,11/4/2020,8:00:00,17.48,13.74,13.45,13.38,74.7,9.03,0,4.5,47.06,225.8
260,ALACHUA,11/4/2020,9:00:00,17.52,17.81,17.25,16.95,66,10.84,0,5.1,52.28,387.78
260,ALACHUA,11/4/2020,10:00:00,17.79,20.83,20.26,19.69,61,12.5,0,8.21,57.96,518.5
260,ALACHUA,11/4/2020,11:00:00,18.32,23.03,22.41,21.59,59.6,14.16,0,8.14,69.59,597.33
260,ALACHUA,11/4/2020,12:00:00,19.02,24.24,23.62,22.8,57.6,14.78,0,7.39,66.28,624.42
260,ALACHUA,11/4/2020,13:00:00,19.79,24.74,24.3,23.46,56.7,15.16,0,8.81,81.6,522.35
260,ALACHUA,11/4/2020,14:00:00,20.47,24.24,24.12,23.52,58.2,15.39,0,8.36,74.63,315.65
260,ALACHUA,11/4/2020,15:00:00,20.9,24.17,24.15,23.61,56.6,14.99,0,9.72,78.26,269.1
260,ALACHUA,11/4/2020,16:00:00,21.15,22.94,23.16,22.77,62.3,15.56,0,7.22,79.67,112.56
260,ALACHUA,11/4/2020,17:00:00,21.22,21.72,22.14,21.9,67.6,15.86,0,6.01,73.1,21.08
260,ALACHUA,11/4/2020,18:00:00,21.16,20.38,21.04,20.89,72.2,15.85,0,4.41,60.37,1.7
260,ALACHUA,11/4/2020,19:00:00,21.02,19.35,19.95,19.84,76.7,15.73,0,3.62,46.5,1.56
260,ALACHUA,11/4/2020,20:00:00,20.84,18.38,19.06,18.98,78.4,15.22,0,3.45,41.9,1.56
260,ALACHUA,11/4/2020,21:00:00,20.66,16.74,17.5,17.56,83.4,14.65,0,2.31,34.66,1.54
260,ALACHUA,11/4/2020,22:00:00,20.45,15.64,16.37,16.56,87.3,14.26,0,2.4,30.44,1.51
260,ALACHUA,11/4/2020,23:00:00,20.22,15.37,15.91,16.01,89.1,14.12,0,2.86,36.71,1.58
260,ALACHUA,11/5/2020,0:00:00,20.01,15.26,15.75,15.92,90.2,14.15,0,3.11,40.91,1.63
260,ALACHUA,11/5/2020,1:00:00,19.82,15.27,15.69,15.78,90.8,14.2,0,3.21,38.75,1.66
260,ALACHUA,11/5/2020,2:00:00,19.65,15.14,15.5,15.56,91.9,14.19,0,3.35,41.08,1.67
260,ALACHUA,11/5/2020,3:00:00,19.5,15.19,15.48,15.51,93,14.35,0,3.63,43.98,1.7
260,ALACHUA,11/5/2020,4:00:00,19.37,15.57,15.74,15.66,93.6,14.71,0,3.35,45.5,1.74
260,ALACHUA,11/5/2020,5:00:00,19.27,16.06,16.2,16.11,94.2,15.27,0,3.05,44.16,1.75
260,ALACHUA,11/5/2020,6:00:00,19.23,16.6,16.72,16.59,95,15.92,0,3.9,29.46,2.08
260,ALACHUA,11/5/2020,7:00:00,19.21,17.48,17.56,17.35,94.8,16.72,0,4.46,35.02,53.48
260,ALACHUA,11/5/2020,8:00:00,19.22,19.28,19.1,18.77,91.6,17.7,0,5.52,43.66,204.2
260,ALACHUA,11/5/2020,9:00:00,19.3,21.33,20.95,20.46,86.8,18.66,0,6.43,47.86,341.55
260,ALACHUA,11/5/2020,10:00:00,19.58,23.98,23.43,22.74,79.9,19.76,0,7.68,79.99,484.52
260,ALACHUA,11/5/2020,11:00:00,20.06,25.4,24.87,24.1,73.9,19.89,0,8.63,78.28,518.48
260,ALACHUA,11/5/2020,12:00:00,20.68,25.89,25.51,24.7,70.9,19.85,0,8.63,70.78,472.9
260,ALACHUA,11/5/2020,13:00:00,21.28,26.04,25.76,24.99,69.3,19.71,0,8.29,65.84,474.58
260,ALACHUA,11/5/2020,14:00:00,21.79,26.2,26.02,25.36,68.3,19.72,0,7.31,70.28,341.68
260,ALACHUA,11/5/2020,15:00:00,22.19,24.83,24.86,24.34,73.5,19.8,0,8.26,56.3,204.62
260,ALACHUA,11/5/2020,16:00:00,22.39,25.41,25.46,24.91,71.6,19.95,0,8.22,73.49,181.15
260,ALACHUA,11/5/2020,17:00:00,22.47,22.66,23.01,22.71,81.8,19.72,0,5.49,54.39,15.52
260,ALACHUA,11/5/2020,18:00:00,22.4,21.43,21.82,21.62,86.4,19.45,0,4.66,51.74,1.72
260,ALACHUA,11/5/2020,19:00:00,22.22,20.99,21.46,21.32,86.4,19.09,0,5.78,65.62,1.59
260,ALACHUA,11/5/2020,20:00:00,22.02,20.55,20.9,20.7,90,19.19,0,3.89,56.21,1.6
260,ALACHUA,11/5/2020,21:00:00,21.83,20.39,20.61,20.36,92.7,19.39,0,4.83,54.72,1.86
260,ALACHUA,11/5/2020,22:00:00,21.69,19.78,20.05,19.83,94.4,19.12,0,4.1,46.22,1.95
260,ALACHUA,11/5/2020,23:00:00,21.56,19.93,20.09,19.84,95.5,19.34,0,5.49,50.27,1.95
260,ALACHUA,11/6/2020,0:00:00,21.44,20.18,20.38,20.1,95,19.55,0,5.99,56.71,1.95
260,ALACHUA,11/6/2020,1:00:00,21.36,20.12,20.32,20.04,94.8,19.47,0,4.99,52.09,1.95
260,ALACHUA,11/6/2020,2:00:00,21.3,20.05,20.22,19.93,95.4,19.46,0,4.58,50.42,1.95
260,ALACHUA,11/6/2020,3:00:00,21.26,19.87,20.03,19.74,95.8,19.33,0,4.52,38.37,1.95
260,ALACHUA,11/6/2020,4:00:00,21.22,19.53,19.66,19.35,96.4,19.06,0,4.67,48.62,2.04
260,ALACHUA,11/6/2020,5:00:00,21.18,19.38,19.48,19.19,97,18.99,0,4.94,51.09,2.15
260,ALACHUA,11/6/2020,6:00:00,21.14,19.29,19.4,19.11,97.3,18.96,0,4.77,43.39,2.63
260,ALACHUA,11/6/2020,7:00:00,21.1,19.58,19.67,19.35,97.7,19.3,0,4.48,44.42,20.25
260,ALACHUA,11/6/2020,8:00:00,21.08,20.24,20.29,19.93,97.3,19.84,0,4.79,41.85,69
260,ALACHUA,11/6/2020,9:00:00,21.11,21.06,21.14,20.69,95.3,20.36,0,5.82,53.03,134.45
260,ALACHUA,11/6/2020,10:00:00,21.21,23.42,23.2,22.61,87.6,21.02,0,7.11,55.97,360.83
260,ALACHUA,11/6/2020,11:00:00,21.47,25.5,25.04,24.29,78.3,21,0,7.84,68.11,517.02
260,ALACHUA,11/6/2020,12:00:00,21.95,25.52,25.26,24.58,77.2,20.98,0,8.76,66.26,389.75
260,ALACHUA,11/6/2020,13:00:00,22.44,25.81,25.72,25.14,75.2,21,0,7.61,63.81,302.62
260,ALACHUA,11/6/2020,14:00:00,22.79,26.34,26.2,25.5,71.3,20.6,0,9.67,65.36,381
260,ALACHUA,11/6/2020,15:00:00,23.07,26.14,25.98,25.38,72.6,20.68,0,9.94,75.56,347.08
260,ALACHUA,11/6/2020,16:00:00,23.27,24.08,24.35,23.98,79.3,20.5,0.02,8.53,70.98,94.77
260,ALACHUA,11/6/2020,17:00:00,23.31,21.17,21.48,21.23,90.8,19.91,0,7.39,72.74,15.97
260,ALACHUA,11/6/2020,18:00:00,23.15,20.68,21.06,20.86,92.9,19.88,0,4.77,68.83,1.9
260,ALACHUA,11/6/2020,19:00:00,22.91,20.53,20.94,20.74,93.5,19.86,0,4.32,62.31,1.88
260,ALACHUA,11/6/2020,20:00:00,22.66,20.22,20.68,20.49,92.6,19.44,0,4.08,62.32,1.7
260,ALACHUA,11/6/2020,21:00:00,22.43,19.5,19.91,19.75,94.3,18.98,0,3.2,50.49,1.89
260,ALACHUA,11/6/2020,22:00:00,22.21,19.3,19.56,19.34,95.9,18.89,0,4.11,47.18,1.9
260,ALACHUA,11/6/2020,23:00:00,22,19.68,19.87,19.58,96.3,19.27,0,4.98,66.7,1.94
260,ALACHUA,11/7/2020,0:00:00,21.86,19.76,19.9,19.59,96.8,19.37,0,4.7,71.88,1.95
260,ALACHUA,11/7/2020,1:00:00,21.76,19.7,19.82,19.48,97.5,19.41,0,4.32,62.82,1.96
260,ALACHUA,11/7/2020,2:00:00,21.69,19.57,19.68,19.34,97.9,19.34,0,3.57,54.74,2.02
260,ALACHUA,11/7/2020,3:00:00,21.63,19.55,19.66,19.32,98.1,19.36,0,4.5,51.52,2.3
260,ALACHUA,11/7/2020,4:00:00,21.58,19.56,19.67,19.34,98.3,19.4,0,4.63,60.62,2.34
260,ALACHUA,11/7/2020,5:00:00,21.54,19.74,19.87,19.53,98.5,19.63,0,3.85,47.72,2.34
260,ALACHUA,11/7/2020,6:00:00,21.5,20.07,20.22,19.87,98.6,19.99,0,3.96,56.71,2.48
260,ALACHUA,11/7/2020,7:00:00,21.47,20.5,20.67,20.3,98.7,20.45,0,4.11,60.21,17.32
260,ALACHUA,11/7/2020,8:00:00,21.45,21.3,21.3,20.96,98.3,21.03,0,5.67,64.94,130.26
260,ALACHUA,11/7/2020,9:00:00,21.51,22.25,22.34,21.92,96.1,21.68,0,5.26,60.84,169.82
260,ALACHUA,11/7/2020,10:00:00,21.67,24.99,24.81,24.19,89.8,23,0,6.47,77.72,399.62
260,ALACHUA,11/7/2020,11:00:00,22,26.56,26.46,25.82,79,22.5,0,8.81,91.05,413.22
260,ALACHUA,11/7/2020,12:00:00,22.41,25.61,25.71,25.08,80.2,22.01,0.01,11.52,85.92,383.62
260,ALACHUA,11/7/2020,13:00:00,22.83,26.41,26.41,25.77,77.9,22.24,0.01,12.05,83.91,438.32
260,ALACHUA,11/7/2020,14:00:00,23.2,25.68,25.82,25.3,77.3,21.55,0,11.86,81.55,319.88
260,ALACHUA,11/7/2020,15:00:00,23.38,26.6,26.62,26.08,69.3,20.54,0,10.81,78.74,324.08
260,ALACHUA,11/7/2020,16:00:00,23.5,25.1,25.49,25.11,72.5,20.18,0,8.16,76.63,101.63
260,ALACHUA,11/7/2020,17:00:00,23.48,23.94,24.5,24.22,76.3,20.07,0,7.76,76.98,23.67
260,ALACHUA,11/7/2020,18:00:00,23.32,23.28,23.85,23.57,81.7,20.52,0,8.97,82.64,1.64
260,ALACHUA,11/7/2020,19:00:00,23.12,22.76,23.31,23.06,83.8,20.42,0,8.05,82.63,1.57
260,ALACHUA,11/7/2020,20:00:00,22.9,22.47,23.03,22.78,83.5,20.08,0,6.96,81.51,1.59
260,ALACHUA,11/7/2020,21:00:00,22.71,21.94,22.52,22.26,85.7,20,0,4.75,61.35,1.57
260,ALACHUA,11/7/2020,22:00:00,22.54,20.64,21.22,20.97,90.3,19.56,0,3.56,47.48,1.56
260,ALACHUA,11/7/2020,23:00:00,22.35,20.16,20.56,20.29,93.5,19.48,0,4,48.2,1.62
260,ALACHUA,11/8/2020,0:00:00,22.18,20.36,20.72,20.43,94.1,19.74,0,4.02,50.81,1.69
260,ALACHUA,11/8/2020,1:00:00,22.03,20.24,20.54,20.25,95.5,19.8,0,3.86,50.67,1.94
260,ALACHUA,11/8/2020,2:00:00,21.92,20.16,20.43,20.15,96.5,19.86,0,4.17,43.68,2.1
260,ALACHUA,11/8/2020,3:00:00,21.81,20.23,20.53,20.25,96.8,20,0,4.52,44.49,2.22
260,ALACHUA,11/8/2020,4:00:00,21.72,20.06,20.38,20.12,96.8,19.85,0,4.7,43.56,2.23
260,ALACHUA,11/8/2020,5:00:00,21.63,19.99,20.33,20.08,96.7,19.79,0,4.24,43,2.17
260,ALACHUA,11/8/2020,6:00:00,21.54,19.72,20.11,19.9,96.8,19.59,0,3.55,40.27,2.36
260,ALACHUA,11/8/2020,7:00:00,21.44,20.12,20.42,20.14,96.5,19.85,0,4.75,46.71,30.66
260,ALACHUA,11/8/2020,8:00:00,21.38,21.24,21.5,21.11,95.2,20.7,0,5.43,56.83,90.3
260,ALACHUA,11/8/2020,9:00:00,21.41,22.58,22.75,22.3,93.1,21.58,0,3.05,69.26,157.25
260,ALACHUA,11/8/2020,10:00:00,21.54,24.52,24.51,24,88.6,22.51,0,7.15,68.12,263.15
260,ALACHUA,11/8/2020,11:00:00,21.82,25.54,25.46,24.85,85,22.76,0,9.38,68.7,389.1
260,ALACHUA,11/8/2020,12:00:00,22.21,26.07,25.96,25.3,80.6,22.36,0,10.33,73.21,388.55
260,ALACHUA,11/8/2020,13:00:00,22.68,25.86,25.98,25.48,76.7,21.58,0,9.84,71.54,240.8
260,ALACHUA,11/8/2020,14:00:00,22.98,26,26.18,25.73,73.5,21.06,0,9.95,75.97,212.52
260,ALACHUA,11/8/2020,15:00:00,23.16,25.51,25.87,25.43,72.3,20.52,0,9.64,75.45,127.48
260,ALACHUA,11/8/2020,16:00:00,23.23,25.39,25.7,25.24,76.6,21.28,0,10.7,79.33,129.52
260,ALACHUA,11/8/2020,17:00:00,23.24,24.69,25.15,24.74,79.5,21.36,0,9.78,75.07,42.14
260,ALACHUA,11/8/2020,18:00:00,23.2,23.84,24.32,23.97,83.6,21.36,0,7.39,64.34,2.02
260,ALACHUA,11/8/2020,19:00:00,23.08,23.46,23.9,23.55,86.6,21.52,0,7.56,64.38,1.74
260,ALACHUA,11/8/2020,20:00:00,22.94,22.97,23.35,22.98,89.9,21.59,0,7.62,62.06,1.75
260,ALACHUA,11/8/2020,21:00:00,22.82,22.74,23.14,22.82,91.8,21.74,0,6.58,65.6,1.83
260,ALACHUA,11/8/2020,22:00:00,22.71,22.51,22.9,22.56,93.3,21.76,0,5.92,58.54,2.06
260,ALACHUA,11/8/2020,23:00:00,22.61,22.2,22.58,22.27,94.5,21.64,0,4.42,48,2.38
260,ALACHUA,11/9/2020,0:00:00,22.5,22.18,22.65,22.39,92.9,21.44,0,5.89,60.34,2.06
260,ALACHUA,11/9/2020,1:00:00,22.41,21.92,22.35,22.04,92.5,21.08,0,4.8,48.13,2.03
260,ALACHUA,11/9/2020,2:00:00,22.31,21.68,22,21.71,94.6,21.09,0,5.96,55.42,2.45
260,ALACHUA,11/9/2020,3:00:00,22.22,21.79,22.16,21.88,95,21.32,0,5.97,57.08,2.68
260,ALACHUA,11/9/2020,4:00:00,22.15,22.56,23.06,22.87,91.9,21.66,0,8.7,74.05,2.16
260,ALACHUA,11/9/2020,5:00:00,22.08,23.44,23.95,23.68,87.3,21.71,0,10.47,75.71,1.93
260,ALACHUA,11/9/2020,6:00:00,22.05,23.52,24,23.7,87.1,21.72,0,11.16,77.47,2.3
260,ALACHUA,11/9/2020,7:00:00,22.04,23.62,24.04,23.68,87.7,21.87,0,10.74,71.91,27.42
260,ALACHUA,11/9/2020,8:00:00,22.05,23.92,24.26,23.87,88,22.14,0,10.91,68.69,69.04
260,ALACHUA,11/9/2020,9:00:00,22.11,24.74,24.95,24.47,86.2,22.49,0,11.5,68.56,169.08
260,ALACHUA,11/9/2020,10:00:00,22.23,24.05,24.37,23.89,89.6,22.54,0.01,10.49,73.05,108.78
260,ALACHUA,11/9/2020,11:00:00,22.39,24.11,24.22,23.71,92.6,22.94,0,9.72,67.98,245.8
260,ALACHUA,11/9/2020,12:00:00,22.56,24.86,25.12,24.62,89.1,23.2,0,8.89,64.68,146.55
260,ALACHUA,11/9/2020,13:00:00,22.78,24.41,24.67,24.2,89.1,22.75,0,10.69,63.37,153.38
260,ALACHUA,11/9/2020,14:00:00,22.92,23.56,23.76,23.28,94.2,22.77,0.03,8.52,69.45,90.82
260,ALACHUA,11/9/2020,15:00:00,23,23.38,23.59,23.1,95.6,22.84,0.02,7.93,62.18,90.43
260,ALACHUA,11/9/2020,16:00:00,23.05,23.25,23.6,23.2,94.5,22.66,0.03,8.81,63.93,38.49
260,ALACHUA,11/9/2020,17:00:00,23.05,23.32,23.71,23.36,92.9,22.5,0,9.42,69.74,10.29
260,ALACHUA,11/9/2020,18:00:00,22.99,23.34,23.76,23.41,93,22.57,0,9.41,73.46,2.4
260,ALACHUA,11/9/2020,19:00:00,22.91,22.75,23.09,22.69,95.5,22.34,0.35,12.03,89.88,2.34
260,ALACHUA,11/9/2020,20:00:00,22.8,22.28,22.7,22.29,95.9,22.01,0.01,8.68,85.27,2.06
260,ALACHUA,11/9/2020,21:00:00,22.7,22.57,22.96,22.58,96.1,22.31,0,8.31,81.19,2.05
260,ALACHUA,11/9/2020,22:00:00,22.64,23.05,23.44,23.08,96,22.76,0.01,8.2,75.17,2.23
260,ALACHUA,11/9/2020,23:00:00,22.6,23.2,23.58,23.18,96.2,22.94,0.05,8.56,83.35,2.39
260,ALACHUA,11/10/2020,0:00:00,22.58,23.2,23.56,23.16,96.6,22.98,0,7.6,97.23,2.17
260,ALACHUA,11/10/2020,1:00:00,22.58,23.18,23.52,23.12,96.7,22.96,0,6.84,88.43,2.12
260,ALACHUA,11/10/2020,2:00:00,22.57,23.17,23.48,23.1,96.9,22.96,0,6.33,82.44,2.19
260,ALACHUA,11/10/2020,3:00:00,22.57,23.33,23.67,23.32,96.8,23.12,0,7.04,87.61,2.18
260,ALACHUA,11/10/2020,4:00:00,22.57,23.36,23.72,23.36,96.8,23.16,0.01,6.3,82.46,2.16
260,ALACHUA,11/10/2020,5:00:00,22.57,23.55,23.94,23.58,96.4,23.33,0,6.86,86.42,2.05
260,ALACHUA,11/10/2020,6:00:00,22.58,23.59,23.99,23.65,96.1,23.33,0,7.13,86.36,2.06
260,ALACHUA,11/10/2020,7:00:00,22.58,23.72,24.1,23.71,96.1,23.44,0,6.41,83.74,13.26
260,ALACHUA,11/10/2020,8:00:00,22.6,24.33,24.68,24.22,95.1,23.84,0,7.44,92.32,65.7
260,ALACHUA,11/10/2020,9:00:00,22.67,25.2,25.48,24.92,93.1,24.27,0,7.81,91.6,142.62
260,ALACHUA,11/10/2020,10:00:00,22.82,26.13,26.31,25.73,90.2,24.58,0,8.57,98.3,192.75
260,ALACHUA,11/10/2020,11:00:00,23.06,27.93,27.78,27.05,84.8,24.99,0,9.48,114.81,415.12
260,ALACHUA,11/10/2020,12:00:00,23.43,27.72,27.52,26.72,87.7,25.3,0,8.19,108.25,445.75
260,ALACHUA,11/10/2020,13:00:00,23.91,27.99,27.88,27.04,84.5,25.01,0.18,8.86,96.66,376.65
260,ALACHUA,11/10/2020,14:00:00,24.43,25.13,25.18,24.52,93.3,24.01,0.09,6.64,99.66,255.75
260,ALACHUA,11/10/2020,15:00:00,24.67,26.48,26.33,25.66,91.1,24.76,0,9.46,95.06,400.2
260,ALACHUA,11/10/2020,16:00:00,24.88,26.24,26.31,25.79,83.9,23.37,0,9.02,124.13,174.62
260,ALACHUA,11/10/2020,17:00:00,24.9,24.06,24.51,24.18,88.1,22.42,0,5.95,99.24,25.01
260,ALACHUA,11/10/2020,18:00:00,24.72,22.86,23.36,23.14,90.9,21.79,0,4.99,88.17,1.89
260,ALACHUA,11/10/2020,19:00:00,24.45,22.45,22.85,22.58,93.9,21.81,0,5.04,80.75,1.7
260,ALACHUA,11/10/2020,20:00:00,24.17,22.51,22.86,22.56,96,22.18,0,5.26,81.63,1.74
260,ALACHUA,11/10/2020,21:00:00,23.92,22.67,23.01,22.7,96.8,22.48,0,5.66,99.22,1.77
260,ALACHUA,11/10/2020,22:00:00,23.72,23.34,23.64,23.3,96.8,23.1,0,5.23,114.29,1.81
260,ALACHUA,11/10/2020,23:00:00,23.59,24.12,24.48,24.14,96.1,23.82,0,7.15,119.11,1.79
260,ALACHUA,11/11/2020,0:00:00,23.53,24.47,24.9,24.54,95,24.05,0,6.86,121.02,1.76
260,ALACHUA,11/11/2020,1:00:00,23.49,24.49,24.88,24.51,94.6,23.96,0,5.87,128.34,1.85
260,ALACHUA,11/11/2020,2:00:00,23.47,24,24.4,24.05,94.7,23.5,0.03,8.16,114.57,2.01
260,ALACHUA,11/11/2020,3:00:00,23.43,23.01,23.33,23.02,96,22.65,0.01,4.97,102.44,2.14
260,ALACHUA,11/11/2020,4:00:00,23.36,22.92,23.18,22.86,97,22.67,0,4.41,85.58,2.12
260,ALACHUA,11/11/2020,5:00:00,23.3,22.94,23.21,22.89,97.5,22.79,0,3.41,85.43,2.17
260,ALACHUA,11/11/2020,6:00:00,23.23,23.15,23.43,23.1,97.8,23.06,0,2.94,76.85,2.35
260,ALACHUA,11/11/2020,7:00:00,23.18,23.36,23.64,23.33,98.1,23.32,0,3.42,89.99,15.7
260,ALACHUA,11/11/2020,8:00:00,23.15,24.33,24.53,24.14,98,24.18,0,4.2,102.32,55.38
260,ALACHUA,11/11/2020,9:00:00,23.18,24.96,25.18,24.75,97.2,24.7,0,4.5,93.37,84.08
260,ALACHUA,11/11/2020,10:00:00,23.28,25.61,25.91,25.38,95.2,25.07,0,5.35,107.15,119.88
260,ALACHUA,11/11/2020,11:00:00,23.45,26.33,26.64,26.1,91.6,25.17,0,6.3,110.92,132.82
260,ALACHUA,11/11/2020,12:00:00,23.65,26.79,27.08,26.54,88.9,25.1,0,5.72,115.09,138.93
260,ALACHUA,11/11/2020,13:00:00,23.84,26.02,26.29,25.84,91.9,24.86,0.02,5.04,98.21,79.6
260,ALACHUA,11/11/2020,14:00:00,23.96,25.46,25.7,25.26,94.8,24.8,0.01,4.14,68.67,54.69
260,ALACHUA,11/11/2020,15:00:00,24.03,25.16,25.42,24.98,96.1,24.76,0,4.69,57.14,31.36
260,ALACHUA,11/11/2020,16:00:00,24.04,24.98,25.28,24.88,96.2,24.64,0.01,7.06,72.84,14.09
260,ALACHUA,11/11/2020,17:00:00,24.01,24.89,25.23,24.85,95.9,24.53,0,6.59,75.03,5.74
260,ALACHUA,11/11/2020,18:00:00,23.96,24.84,25.22,24.87,95.4,24.42,0.02,7.34,86.34,2.12
260,ALACHUA,11/11/2020,19:00:00,23.9,24.52,24.98,24.69,94.7,24.06,0,5.93,87.35,2.1
260,ALACHUA,11/11/2020,20:00:00,23.83,24.4,24.86,24.61,93.2,23.69,0,7.45,80.54,1.82
260,ALACHUA,11/11/2020,21:00:00,23.76,24.29,24.73,24.46,92.2,23.38,0,7.59,85.67,1.78
260,ALACHUA,11/11/2020,22:00:00,23.69,24.51,25.02,24.76,90.8,23.41,0,7.54,108.84,1.82
260,ALACHUA,11/11/2020,23:00:00,23.62,24.25,24.73,24.46,90.8,23.12,0,8.42,101.98,1.82
260,ALACHUA,11/12/2020,0:00:00,23.56,23.9,24.34,24.07,91.2,22.8,0,8.51,89.6,1.81
260,ALACHUA,11/12/2020,1:00:00,23.48,24.1,24.54,24.29,90,22.8,0,9.11,92.85,1.85
260,ALACHUA,11/12/2020,2:00:00,23.4,24.68,25.13,24.84,84.7,22.36,0,12.99,134.75,2.03
260,ALACHUA,11/12/2020,3:00:00,23.33,23.7,24.2,23.9,84.3,21.38,0.01,14.79,137.7,1.9
260,ALACHUA,11/12/2020,4:00:00,23.22,23.14,23.59,23.25,88.4,21.55,0,16.15,129.6,1.87
260,ALACHUA,11/12/2020,5:00:00,23.1,22.33,22.62,22.21,95.6,21.88,0.05,12.09,108.51,1.92
260,ALACHUA,11/12/2020,6:00:00,23.01,22.64,22.92,22.51,96.8,22.38,0.06,9.77,103.32,2
260,ALACHUA,11/12/2020,7:00:00,22.94,22.9,23.16,22.7,97.2,22.68,0.02,3.54,147.87,14.21
260,ALACHUA,11/12/2020,8:00:00,22.92,22.94,23.12,22.65,97.8,22.74,0,7.29,259.34,44.74
260,ALACHUA,11/12/2020,9:00:00,22.95,22.56,22.74,22.28,97.8,22.37,0.01,7.64,261.66,63.68
260,ALACHUA,11/12/2020,10:00:00,22.99,22.6,22.79,22.26,97.7,22.41,0.01,8.02,261.32,97.32
260,ALACHUA,11/12/2020,11:00:00,23.06,22.8,23,22.48,97.6,22.6,0.01,7.95,263.96,86.78
260,ALACHUA,11/12/2020,12:00:00,23.12,23.08,23.32,22.77,97.3,22.88,0.03,7.56,267.06,91.15
260,ALACHUA,11/12/2020,13:00:00,23.19,24.78,24.87,24.24,95.3,24.06,0,7.11,254.24,271.48
260,ALACHUA,11/12/2020,14:00:00,23.39,25.8,25.9,25.35,90.4,24.2,0.04,7.37,248.99,181.59
260,ALACHUA,11/12/2020,15:00:00,23.66,24.65,24.72,24.3,94.7,23.81,0.05,6.65,263.86,158.9
260,ALACHUA,11/12/2020,16:00:00,23.82,25.09,25.26,24.85,94.2,24.26,0,4.93,245.49,93.75
260,ALACHUA,11/12/2020,17:00:00,23.92,25.03,25.36,25,91.5,23.88,0,5.2,261.77,33.8
260,ALACHUA,11/12/2020,18:00:00,23.93,23.39,23.95,23.79,94,22.92,0,2.6,261.56,1.92
260,ALACHUA,11/12/2020,19:00:00,23.82,22.79,23.3,23.21,95,22.45,0,5.58,283.28,1.78
260,ALACHUA,11/12/2020,20:00:00,23.66,22.46,22.96,22.76,93.9,21.94,0,6.6,294.47,1.82
260,ALACHUA,11/12/2020,21:00:00,23.48,22.01,22.51,22.24,94.2,21.53,0,4.88,303.69,1.83
260,ALACHUA,11/12/2020,22:00:00,23.3,21.18,21.8,21.69,94.9,20.95,0,2.69,298.08,1.82
260,ALACHUA,11/12/2020,23:00:00,23.12,19.67,20.62,20.7,96,19.97,0,0.55,293.48,1.8
260,ALACHUA,11/13/2020,0:00:00,22.91,19.14,19.76,20.13,97.4,19.34,0,2.63,294.2,1.9
260,ALACHUA,11/13/2020,1:00:00,22.69,19.38,19.9,20.06,98,19.58,0,2.98,300.73,2.02
260,ALACHUA,11/13/2020,2:00:00,22.49,19.27,19.72,19.81,98.1,19.41,0,3.39,300.61,2.14
260,ALACHUA,11/13/2020,3:00:00,22.32,18.58,19.24,19.42,98.1,18.93,0,1.51,298.37,2.1
260,ALACHUA,11/13/2020,4:00:00,22.15,17.87,18.47,18.9,98.3,18.2,0,1.72,291.46,2.13
260,ALACHUA,11/13/2020,5:00:00,21.98,18.73,19.06,18.93,98.5,18.82,0,2.2,311.19,2.36
260,ALACHUA,11/13/2020,6:00:00,21.84,18.94,19.12,18.9,98.5,18.89,0,1.83,341.19,2.37
260,ALACHUA,11/13/2020,7:00:00,21.77,19.12,19.26,19,98.3,19,0,3.7,331.3,14.54
260,ALACHUA,11/13/2020,8:00:00,21.74,19.42,19.53,19.22,97.7,19.16,0,3.55,341.59,66.74
260,ALACHUA,11/13/2020,9:00:00,21.77,20.01,20.08,19.6,96.9,19.58,0,3.67,353.42,133.18
260,ALACHUA,11/13/2020,10:00:00,21.91,20.71,20.71,20.16,96.2,20.09,0,2.14,42.96,145.75
260,ALACHUA,11/13/2020,11:00:00,22.13,21.2,21.24,20.67,95.1,20.42,0,2.46,332.77,117.18
260,ALACHUA,11/13/2020,12:00:00,22.34,21.57,21.59,21,93.8,20.55,0,1.65,356.32,122.75
260,ALACHUA,11/13/2020,13:00:00,22.52,21.93,21.9,21.26,92.7,20.66,0,2.9,331.54,118.35
260,ALACHUA,11/13/2020,14:00:00,22.69,22.05,22.06,21.44,91.6,20.63,0,2.58,0.94,132.43
260,ALACHUA,11/13/2020,15:00:00,22.83,22.52,22.49,21.88,89.8,20.73,0,2.52,62.5,122.76
260,ALACHUA,11/13/2020,16:00:00,22.98,22.48,22.54,22.06,88.9,20.62,0,2.32,68.95,87.07
260,ALACHUA,11/13/2020,17:00:00,23.06,22.15,22.43,22.12,88.2,20.37,0,0.52,131.14,35.83
260,ALACHUA,11/13/2020,18:00:00,22.98,18.58,19.58,19.68,94.6,18.7,0,0.66,349.1,1.76
260,ALACHUA,11/13/2020,19:00:00,22.73,17.2,18.08,18.45,96.6,17.53,0,0.32,350.35,1.65
260,ALACHUA,11/13/2020,20:00:00,22.42,16.45,17.26,17.64,97.2,16.82,0,0.29,195.41,1.69
260,ALACHUA,11/13/2020,21:00:00,22.12,15.97,16.76,17.07,97.5,16.36,0,0.25,33.79,1.76
260,ALACHUA,11/13/2020,22:00:00,21.84,15.22,16.22,16.55,97.8,15.87,0,0.09,249.68,1.76
260,ALACHUA,11/13/2020,23:00:00,21.55,14.8,15.62,16.12,98,15.31,0,0.83,93.03,1.75
260,ALACHUA,11/14/2020,0:00:00,21.28,14.49,15.17,15.58,98.2,14.89,0,1.19,101.8,1.72
260,ALACHUA,11/14/2020,1:00:00,21.02,14.15,14.78,15.04,98.3,14.52,0,0.87,16.04,1.62
260,ALACHUA,11/14/2020,2:00:00,20.78,14.23,14.66,14.86,98.5,14.42,0,1.9,21.53,1.59
260,ALACHUA,11/14/2020,3:00:00,20.58,15.18,15.27,15.11,98.6,15.06,0,1.71,39.75,1.59
260,ALACHUA,11/14/2020,4:00:00,20.46,16.72,16.76,16.59,98.8,16.57,0,1.91,36.92,1.59
260,ALACHUA,11/14/2020,5:00:00,20.44,17.86,17.95,17.68,98.8,17.77,0,3.22,34.14,1.64
260,ALACHUA,11/14/2020,6:00:00,20.46,18.18,18.28,17.98,98.9,18.1,0,3.52,44.22,1.71
260,ALACHUA,11/14/2020,7:00:00,20.52,18.34,18.43,18.1,99,18.26,0,4.08,59.05,10.33
260,ALACHUA,11/14/2020,8:00:00,20.57,18.57,18.6,18.23,99,18.44,0,5.51,59.8,46.63
260,ALACHUA,11/14/2020,9:00:00,20.65,19.42,19.24,18.9,98.4,18.98,0.01,5.3,77.74,213.35
260,ALACHUA,11/14/2020,10:00:00,20.84,21.16,21.08,20.49,93.8,20.04,0,4.99,97.19,409.9
260,ALACHUA,11/14/2020,11:00:00,21.26,23.91,23.34,22.58,83.8,20.43,0,5.28,114.53,558.65
260,ALACHUA,11/14/2020,12:00:00,21.87,25.76,24.97,24.17,74.1,20.03,0,4.17,113.88,594.07
260,ALACHUA,11/14/2020,13:00:00,22.57,26.3,25.64,24.74,68,19.28,0,5.37,118.22,553.22
260,ALACHUA,11/14/2020,14:00:00,23.22,26.9,26.32,25.42,64.8,19.17,0,4.98,114.6,464.02
260,ALACHUA,11/14/2020,15:00:00,23.68,26.44,26.17,25.46,65.3,19.14,0,5.5,125.77,305.5
260,ALACHUA,11/14/2020,16:00:00,23.91,25.5,25.61,25.14,67.5,19.14,0,5.06,102.43,160.5
260,ALACHUA,11/14/2020,17:00:00,23.9,22.96,23.7,23.7,77,19.4,0,2.51,92.14,34.28
260,ALACHUA,11/14/2020,18:00:00,23.71,19.41,20.3,20.74,90.8,18.75,0,1.81,88.55,1.26
260,ALACHUA,11/14/2020,19:00:00,23.38,18.7,19.62,20.63,94.6,18.73,0,2.65,101.83,1.17
260,ALACHUA,11/14/2020,20:00:00,23.03,18.34,19.24,20,95.2,18.46,0,2.3,104.8,1.21
260,ALACHUA,11/14/2020,21:00:00,22.69,18.22,19.01,19.55,96.6,18.45,0,2.87,96.18,1.33
260,ALACHUA,11/14/2020,22:00:00,22.38,18.11,18.97,19.22,97,18.5,0,2.12,103.61,1.36
260,ALACHUA,11/14/2020,23:00:00,22.12,17.19,18.15,18.84,97.5,17.74,0,2.01,102.62,1.32
260,ALACHUA,11/15/2020,0:00:00,21.86,17.14,17.99,18.74,97.8,17.64,0,1.72,89.94,1.37
260,ALACHUA,11/15/2020,1:00:00,21.64,16.9,17.54,17.9,98,17.22,0,0.88,85.21,1.38
260,ALACHUA,11/15/2020,2:00:00,21.46,16.52,17.16,17.99,98.1,16.86,0,1.93,100.64,1.37
260,ALACHUA,11/15/2020,3:00:00,21.28,16.75,17.18,18.17,98.3,16.91,0,1.78,49.92,1.4
260,ALACHUA,11/15/2020,4:00:00,21.12,17.26,17.73,17.93,98.5,17.49,0,2.02,102.84,1.5
260,ALACHUA,11/15/2020,5:00:00,21.02,16.79,17.19,17.42,98.6,16.97,0,1.46,30.51,1.47
260,ALACHUA,11/15/2020,6:00:00,20.91,16.79,17.2,17.17,98.7,16.99,0,0.79,84.81,1.59
260,ALACHUA,11/15/2020,7:00:00,20.82,16.72,16.99,17,98.7,16.79,0,1.05,50.57,29.76
260,ALACHUA,11/15/2020,8:00:00,20.73,19.3,19.08,18.68,98.6,18.86,0,1.56,90.66,167.42
260,ALACHUA,11/15/2020,9:00:00,20.79,21.82,21.57,21.15,97.6,21.17,0,2.69,128.69,230.88
260,ALACHUA,11/15/2020,10:00:00,21.07,25.64,25.38,24.74,89.2,23.46,0,6.19,166.66,467.85
260,ALACHUA,11/15/2020,11:00:00,21.58,27.34,26.93,26.1,81,23.38,0,7.66,190.07,404.28
260,ALACHUA,11/15/2020,12:00:00,22.17,28.47,27.87,26.95,76,23.25,0,7.07,184.71,527.15
260,ALACHUA,11/15/2020,13:00:00,22.78,28.91,28.48,27.58,71.7,22.88,0,7.16,198.07,434.32
260,ALACHUA,11/15/2020,14:00:00,23.34,29.5,29,28.08,70.4,23.07,0,5.34,218.09,400.65
260,ALACHUA,11/15/2020,15:00:00,23.8,28.76,28.71,27.99,70.8,22.89,0,5.15,262.62,195.52
260,ALACHUA,11/15/2020,16:00:00,24.05,28.76,28.72,28.09,70,22.7,0,6.41,259.68,171.33
260,ALACHUA,11/15/2020,17:00:00,24.13,26.56,27.02,26.63,76.1,22.44,0,5.22,284.36,41.22
260,ALACHUA,11/15/2020,18:00:00,24.06,23.65,24.44,24.58,85.3,21.81,0,3.76,285.73,1.37
260,ALACHUA,11/15/2020,19:00:00,23.86,21.62,22.54,23.04,91.9,21.15,0,2.23,295.38,1.28
260,ALACHUA,11/15/2020,20:00:00,23.6,20.22,21.23,21.86,94.8,20.35,0,1.2,267.88,1.22
260,ALACHUA,11/15/2020,21:00:00,23.3,19.27,20.5,21,96.3,19.9,0,1.41,272.14,1.18
260,ALACHUA,11/15/2020,22:00:00,22.99,18.43,19.61,20.42,97.1,19.15,0,0.58,160.61,1.2
260,ALACHUA,11/15/2020,23:00:00,22.69,19.66,20.06,20.45,97.7,19.68,0,1.4,283.04,1.49
260,ALACHUA,11/16/2020,0:00:00,22.51,20.94,21.1,20.73,98,20.78,0,1.97,272.27,1.56
260,ALACHUA,11/16/2020,1:00:00,22.4,21.08,21.24,20.81,98.3,20.96,0,1.51,296.71,1.56
260,ALACHUA,11/16/2020,2:00:00,22.35,20.81,20.94,20.51,98.5,20.68,0,1.17,281.09,1.56
260,ALACHUA,11/16/2020,3:00:00,22.33,20.49,20.6,20.19,98.6,20.36,0,2.26,310.69,1.56
260,ALACHUA,11/16/2020,4:00:00,22.29,20.18,20.28,19.92,98.7,20.08,0,4.32,332.58,1.56
260,ALACHUA,11/16/2020,5:00:00,22.25,19.44,19.54,19.17,98.8,19.34,0,5.66,358.46,1.58
260,ALACHUA,11/16/2020,6:00:00,22.18,18.2,18.26,18,98.5,18.02,0,4.9,24.59,1.58
260,ALACHUA,11/16/2020,7:00:00,22.1,17.13,17.31,17.14,97.2,16.86,0,5.53,34.54,23.91
260,ALACHUA,11/16/2020,8:00:00,21.98,17.1,17.27,17.03,87.7,15.2,0,5.3,33.22,184.77
260,ALACHUA,11/16/2020,9:00:00,21.86,18.79,18.5,18.18,68.2,12.48,0,5.88,40.95,342.9
260,ALACHUA,11/16/2020,10:00:00,21.87,20.33,19.81,19.18,57.6,11.2,0,5.91,52.18,467.55
260,ALACHUA,11/16/2020,11:00:00,22.09,22.06,21.36,20.6,55,11.96,0,4.19,65.49,545.65
260,ALACHUA,11/16/2020,12:00:00,22.5,23.62,22.87,22.05,53.4,12.9,0,4.43,6.01,565.83
260,ALACHUA,11/16/2020,13:00:00,23.02,24.56,23.88,23.1,52.7,13.66,0,3.82,14.04,536.25
260,ALACHUA,11/16/2020,14:00:00,23.5,25.18,24.54,23.79,53,14.33,0,5.22,342.53,453.5
260,ALACHUA,11/16/2020,15:00:00,23.87,25.15,24.78,24.11,51.4,14.09,0,5.33,338.36,329.12
260,ALACHUA,11/16/2020,16:00:00,24.02,24.54,24.42,23.88,49,13.02,0,4.24,334.44,174.35
260,ALACHUA,11/16/2020,17:00:00,23.96,21.51,22.11,21.87,54.2,12.44,0,3.43,332.76,31.32
260,ALACHUA,11/16/2020,18:00:00,23.7,15.83,17.4,18.38,69.8,11.76,0,1.67,330.51,0.89
260,ALACHUA,11/16/2020,19:00:00,23.28,13.05,14.54,15.95,84,11.87,0,0.78,72.86,0.88
260,ALACHUA,11/16/2020,20:00:00,22.79,11.46,12.85,14.01,88.5,11,0,0.83,18.61,0.82
260,ALACHUA,11/16/2020,21:00:00,22.28,10.44,11.79,13.27,88.8,10,0,1.07,8.09,0.78
260,ALACHUA,11/16/2020,22:00:00,21.82,9.99,11.9,13.04,80.9,8.72,0,1.26,41.03,0.78
260,ALACHUA,11/16/2020,23:00:00,21.36,9.41,11.08,12.16,81.1,7.95,0,0.97,43,0.79
260,ALACHUA,11/17/2020,0:00:00,20.95,8.31,9.46,10.19,88.4,7.64,0,0.07,149.55,0.9
260,ALACHUA,11/17/2020,1:00:00,20.56,7.37,8.38,8.77,92,7.16,0,0.3,46.87,0.96
260,ALACHUA,11/17/2020,2:00:00,20.18,6.99,7.88,8.7,93.3,6.87,0,1.33,1.64,0.97
260,ALACHUA,11/17/2020,3:00:00,19.84,8.04,9.16,9.93,82.4,6.31,0,2.52,21.73,0.96
260,ALACHUA,11/17/2020,4:00:00,19.53,7.97,8.88,9.39,77.3,5.12,0,2.76,21.71,0.95
260,ALACHUA,11/17/2020,5:00:00,19.24,8.11,8.84,9.14,73.3,4.33,0,2.51,31.37,0.96
260,ALACHUA,11/17/2020,6:00:00,18.98,7.08,8.02,8.38,76,4.05,0,1.62,36.78,1.01
260,ALACHUA,11/17/2020,7:00:00,18.72,6.86,7.67,8.29,82,4.78,0,1.39,19.29,39.39
260,ALACHUA,11/17/2020,8:00:00,18.46,11.03,10.82,10.63,68.9,5.33,0,4.84,23.96,199.85
260,ALACHUA,11/17/2020,9:00:00,18.35,14.47,14.11,13.79,54.7,5.07,0,6.07,30.81,365.9
260,ALACHUA,11/17/2020,10:00:00,18.48,17.2,16.73,16.26,41.9,3.68,0,7.72,27.79,499.5
260,ALACHUA,11/17/2020,11:00:00,18.84,19.49,18.88,18.17,36.3,3.58,0,5.94,28.88,585.93
260,ALACHUA,11/17/2020,12:00:00,19.39,21.08,20.51,19.74,30.4,2.52,0,6.2,24.77,612.53
260,ALACHUA,11/17/2020,13:00:00,20.04,22.16,21.6,20.82,29.3,2.94,0,5.84,26.32,584.65
260,ALACHUA,11/17/2020,14:00:00,20.67,23.02,22.58,21.84,28.1,3.21,0,5.18,25.25,498.3
260,ALACHUA,11/17/2020,15:00:00,21.15,23.07,22.74,22.04,28.9,3.76,0,5.1,357.09,362.02
260,ALACHUA,11/17/2020,16:00:00,21.42,22.12,22.05,21.54,31,4.15,0,4.33,12.62,195.08
260,ALACHUA,11/17/2020,17:00:00,21.43,18.25,19.34,19.37,44,6.46,0,1.1,344.74,33.44
260,ALACHUA,11/17/2020,18:00:00,21.24,11.62,13.32,13.93,71.1,8.16,0,0.43,317.19,0.87
260,ALACHUA,11/17/2020,19:00:00,20.87,9.36,10.8,11.46,84,8.2,0,0.22,333.71,0.78
260,ALACHUA,11/17/2020,20:00:00,20.44,8.39,9.5,11.01,89.8,7.9,0,0.93,332.98,0.84
260,ALACHUA,11/17/2020,21:00:00,20.03,8.27,9.45,12.89,89.2,7.75,0,1.16,6.98,0.9
260,ALACHUA,11/17/2020,22:00:00,19.64,9.33,11.19,12.46,70.7,6.06,0,1.5,22.63,0.9
260,ALACHUA,11/17/2020,23:00:00,19.3,8.21,9.9,11.23,73.3,5.3,0,1.63,36.45,0.9
260,ALACHUA,11/18/2020,0:00:00,18.96,7.12,8.85,10.27,73.2,4.31,0,1.86,18.79,0.9
260,ALACHUA,11/18/2020,1:00:00,18.63,8.93,9.82,10.49,63.6,3.23,0,3.37,20.5,0.98
260,ALACHUA,11/18/2020,2:00:00,18.34,9.08,9.76,10.16,59.7,2.29,0,3.4,34.8,0.97
260,ALACHUA,11/18/2020,3:00:00,18.08,8.8,9.44,9.76,59.3,1.91,0,3.51,32.72,0.97
260,ALACHUA,11/18/2020,4:00:00,17.84,7.83,8.49,8.8,63.3,1.91,0,3.22,35.05,0.97
260,ALACHUA,11/18/2020,5:00:00,17.61,7.41,7.96,8.19,66.7,2.14,0,3.13,30.85,0.97
260,ALACHUA,11/18/2020,6:00:00,17.4,6.86,7.33,7.55,72.6,2.73,0,3.25,26.05,1.02
260,ALACHUA,11/18/2020,7:00:00,17.22,7.84,8.08,8.2,75.7,4.06,0,4.39,33.13,33.62
260,ALACHUA,11/18/2020,8:00:00,17.06,10.84,10.66,10.48,72.7,5.96,0,6.79,38.89,187.02
260,ALACHUA,11/18/2020,9:00:00,17.01,14.06,13.67,13.31,68.1,7.88,0,7.75,46.42,350.32
260,ALACHUA,11/18/2020,10:00:00,17.18,17.28,16.73,16.18,62.5,9.52,0,8.46,55.5,483
260,ALACHUA,11/18/2020,11:00:00,17.59,18.6,18.11,17.49,58.5,9.86,0,12.12,57.75,564.12
260,ALACHUA,11/18/2020,12:00:00,18.16,19.74,19.19,18.5,56.3,10.29,0,11.41,65.1,587.85
260,ALACHUA,11/18/2020,13:00:00,18.79,20.16,19.68,18.94,52.6,9.74,0,12.76,72.86,554.85
260,ALACHUA,11/18/2020,14:00:00,19.36,19.66,19.26,18.59,51,8.88,0,13.23,76.52,474.7
260,ALACHUA,11/18/2020,15:00:00,19.76,18.9,18.68,18.18,50.5,8.2,0,10.92,67.27,340.92
260,ALACHUA,11/18/2020,16:00:00,19.96,17.54,17.54,17.23,51.6,7.46,0,10.06,70.19,183.12
260,ALACHUA,11/18/2020,17:00:00,19.95,15.35,15.69,15.69,56.3,7.02,0,7.84,67.24,31.58
260,ALACHUA,11/18/2020,18:00:00,19.75,13.05,13.68,13.76,63.5,6.86,0,4.78,55.76,1.04
260,ALACHUA,11/18/2020,19:00:00,19.44,11.98,12.42,12.44,70.4,7.18,0,5.53,50.53,0.94
260,ALACHUA,11/18/2020,20:00:00,19.12,10.91,11.37,11.4,77,7.47,0,4.45,45.13,0.85
260,ALACHUA,11/18/2020,21:00:00,18.82,9.93,10.41,10.5,78.9,6.91,0,3.64,41.32,0.84
260,ALACHUA,11/18/2020,22:00:00,18.52,9.28,9.73,9.87,78.2,6.12,0,3.47,28.97,0.89
260,ALACHUA,11/18/2020,23:00:00,18.25,8.76,9.2,9.39,77.8,5.52,0,3.57,27.56,0.91
260,ALACHUA,11/19/2020,0:00:00,18,8.96,9.32,9.46,78.1,5.7,0,4.2,31.56,0.95
260,ALACHUA,11/19/2020,1:00:00,17.76,8.57,8.96,9.02,81,5.88,0,3.04,28.93,0.94
260,ALACHUA,11/19/2020,2:00:00,17.56,7.85,8.25,8.4,84.3,5.76,0,3.25,23.11,0.93
260,ALACHUA,11/19/2020,3:00:00,17.37,8.04,8.34,8.42,84.7,5.91,0,3.72,31.4,0.96
260,ALACHUA,11/19/2020,4:00:00,17.19,7.75,8.06,8.1,86,5.85,0,3.04,31.99,0.94
260,ALACHUA,11/19/2020,5:00:00,17.03,7.69,7.95,7.98,87.3,5.97,0,3.21,35.45,0.95
260,ALACHUA,11/19/2020,6:00:00,16.89,7.4,7.65,7.68,89.1,5.97,0,3.37,35.4,1
260,ALACHUA,11/19/2020,7:00:00,16.75,7.64,7.8,7.78,90.4,6.32,0,3.82,36,13.52
260,ALACHUA,11/19/2020,8:00:00,16.62,9.93,9.75,9.6,87.2,7.73,0,6.51,39.51,139.18
260,ALACHUA,11/19/2020,9:00:00,16.58,12.5,12.12,11.88,83,9.32,0,6.59,37.21,231.27
260,ALACHUA,11/19/2020,10:00:00,16.73,15.13,14.75,14.36,78.2,10.98,0,6.47,42.76,251.75
260,ALACHUA,11/19/2020,11:00:00,17.03,17.01,16.7,16.3,74.8,12.2,0,6.79,44.6,250.5
260,ALACHUA,11/19/2020,12:00:00,17.42,18.96,18.53,17.99,72.5,13.49,0,7.26,48.11,359.55
260,ALACHUA,11/19/2020,13:00:00,17.87,20.11,19.7,19.19,70.6,14.22,0,8.29,58.41,368.2
260,ALACHUA,11/19/2020,14:00:00,18.34,20.94,20.66,20.07,69.3,14.84,0,8.39,54.31,298.98
260,ALACHUA,11/19/2020,15:00:00,18.78,19.65,19.65,19.21,75.7,15.23,0,8.71,60.52,135.88
260,ALACHUA,11/19/2020,16:00:00,19.06,17.96,17.84,17.48,86.4,15.54,0,7.52,54.62,127.09
260,ALACHUA,11/19/2020,17:00:00,19.18,16.75,17.07,16.94,87.6,15,0,3.37,50.86,16.14
260,ALACHUA,11/19/2020,18:00:00,19.15,15.46,15.96,15.96,90.8,14.47,0,2.06,35.05,1.4
260,ALACHUA,11/19/2020,19:00:00,19.01,16.25,16.45,16.33,90.2,14.84,0,4.74,42.08,1.6
260,ALACHUA,11/19/2020,20:00:00,18.91,15.88,16.04,15.84,92.3,14.78,0,4.31,31.7,1.92
260,ALACHUA,11/19/2020,21:00:00,18.83,15.51,15.69,15.52,92.5,14.48,0,5.47,36.98,1.86
260,ALACHUA,11/19/2020,22:00:00,18.74,14.74,14.98,14.83,94,14.01,0,4.8,47.8,2.48
260,ALACHUA,11/19/2020,23:00:00,18.62,14.25,14.58,14.51,95.2,13.82,0,3.31,46.43,2.33
