"Station.ID","Station.Name","True_Date","Date","Time","Period","Temp60cm","Humidity","Rainfall","Radiation"
260,"ALACHUA","10/20/2020","10/21/2020","12:00:00",1,26.09,88.1,0,337.75
260,"ALACHUA","10/20/2020","10/21/2020","13:00:00",1,27.51,82.4,0,463.18
260,"ALACHUA","10/20/2020","10/21/2020","14:00:00",1,26.12,85.1,0.04,328.92
260,"ALACHUA","10/20/2020","10/21/2020","15:00:00",1,27.48,82.5,0,430.2
260,"ALACHUA","10/20/2020","10/21/2020","16:00:00",1,26.17,83.4,0,256.3
260,"ALACHUA","10/20/2020","10/21/2020","17:00:00",1,25.53,87.1,0,143.85
260,"ALACHUA","10/20/2020","10/21/2020","18:00:00",1,24.93,88,0,40.74
260,"ALACHUA","10/20/2020","10/21/2020","19:00:00",1,23.98,92.3,0,2.67
260,"ALACHUA","10/20/2020","10/21/2020","20:00:00",1,23.48,94.8,0,1.72
260,"ALACHUA","10/20/2020","10/21/2020","21:00:00",1,23.49,95.7,0,1.75
260,"ALACHUA","10/20/2020","10/21/2020","22:00:00",1,23.35,96.3,0,1.76
260,"ALACHUA","10/20/2020","10/21/2020","23:00:00",1,23.22,96.5,0,1.76
260,"ALACHUA","10/21/2020","10/21/2020","0:00:00",1,22.9,96.5,0,1.77
260,"ALACHUA","10/21/2020","10/21/2020","1:00:00",1,22.62,96.8,0,1.83
260,"ALACHUA","10/21/2020","10/21/2020","2:00:00",1,22.56,96.9,0,1.85
260,"ALACHUA","10/21/2020","10/21/2020","3:00:00",1,22.56,97,0,1.89
260,"ALACHUA","10/21/2020","10/21/2020","4:00:00",1,22.47,97,0,1.86
260,"ALACHUA","10/21/2020","10/21/2020","5:00:00",1,22.38,96.8,0,1.82
260,"ALACHUA","10/21/2020","10/21/2020","6:00:00",1,22.34,96.4,0,1.8
260,"ALACHUA","10/21/2020","10/21/2020","7:00:00",1,22.26,96.4,0,2.34
260,"ALACHUA","10/21/2020","10/21/2020","8:00:00",1,22.3,96.5,0,33.33
260,"ALACHUA","10/21/2020","10/21/2020","9:00:00",1,22.92,95.1,0,110.8
260,"ALACHUA","10/21/2020","10/21/2020","10:00:00",1,24.12,91.4,0,171.42
260,"ALACHUA","10/21/2020","10/21/2020","11:00:00",1,26,86.6,0,246.7
260,"ALACHUA","10/21/2020","10/22/2020","12:00:00",2,26.86,84.8,0,307.58
260,"ALACHUA","10/21/2020","10/22/2020","13:00:00",2,27.08,83.8,0,255.35
260,"ALACHUA","10/21/2020","10/22/2020","14:00:00",2,26.24,86.2,0.02,163
260,"ALACHUA","10/21/2020","10/22/2020","15:00:00",2,25.37,91.3,0.01,231.05
260,"ALACHUA","10/21/2020","10/22/2020","16:00:00",2,26.71,89.1,0,283.67
260,"ALACHUA","10/21/2020","10/22/2020","17:00:00",2,26.87,77.9,0,133.5
260,"ALACHUA","10/21/2020","10/22/2020","18:00:00",2,25.34,82.4,0,32.6
260,"ALACHUA","10/21/2020","10/22/2020","19:00:00",2,23.88,91.1,0.03,2.37
260,"ALACHUA","10/21/2020","10/22/2020","20:00:00",2,23.24,94.3,0,1.76
260,"ALACHUA","10/21/2020","10/22/2020","21:00:00",2,23.12,95.2,0,1.7
260,"ALACHUA","10/21/2020","10/22/2020","22:00:00",2,22.94,95.5,0,1.64
260,"ALACHUA","10/21/2020","10/22/2020","23:00:00",2,22.49,96.3,0,1.69
260,"ALACHUA","10/22/2020","10/22/2020","0:00:00",2,22.26,96.7,0.09,1.92
260,"ALACHUA","10/22/2020","10/22/2020","1:00:00",2,22.17,97.3,0.01,1.95
260,"ALACHUA","10/22/2020","10/22/2020","2:00:00",2,22.36,97.7,0,2.1
260,"ALACHUA","10/22/2020","10/22/2020","3:00:00",2,22.23,97.8,0,2.27
260,"ALACHUA","10/22/2020","10/22/2020","4:00:00",2,22.18,98,0,2.34
260,"ALACHUA","10/22/2020","10/22/2020","5:00:00",2,22.15,98.1,0,2.51
260,"ALACHUA","10/22/2020","10/22/2020","6:00:00",2,22.06,98.2,0,2.55
260,"ALACHUA","10/22/2020","10/22/2020","7:00:00",2,22.01,98.1,0,3.1
260,"ALACHUA","10/22/2020","10/22/2020","8:00:00",2,22.01,98.2,0,27.8
260,"ALACHUA","10/22/2020","10/22/2020","9:00:00",2,22.65,97.9,0,133.1
260,"ALACHUA","10/22/2020","10/22/2020","10:00:00",2,24.75,92.9,0,356.25
260,"ALACHUA","10/22/2020","10/22/2020","11:00:00",2,26.66,85.2,0,464.45
260,"ALACHUA","10/22/2020","10/23/2020","12:00:00",3,27.22,81,0,457.55
260,"ALACHUA","10/22/2020","10/23/2020","13:00:00",3,27.93,75.6,0,519.75
260,"ALACHUA","10/22/2020","10/23/2020","14:00:00",3,24.38,88.5,0.03,292.5
260,"ALACHUA","10/22/2020","10/23/2020","15:00:00",3,26.31,85,0,472.28
260,"ALACHUA","10/22/2020","10/23/2020","16:00:00",3,27.16,79,0,362.67
260,"ALACHUA","10/22/2020","10/23/2020","17:00:00",3,26.63,75.6,0,253.07
260,"ALACHUA","10/22/2020","10/23/2020","18:00:00",3,24.9,82.2,0,65.92
260,"ALACHUA","10/22/2020","10/23/2020","19:00:00",3,23.37,88.8,0,2.42
260,"ALACHUA","10/22/2020","10/23/2020","20:00:00",3,22.68,92.2,0,1.48
260,"ALACHUA","10/22/2020","10/23/2020","21:00:00",3,22.5,93.8,0,1.55
260,"ALACHUA","10/22/2020","10/23/2020","22:00:00",3,21.96,93.9,0,1.55
260,"ALACHUA","10/22/2020","10/23/2020","23:00:00",3,21.32,95.3,0,1.56
260,"ALACHUA","10/23/2020","10/23/2020","0:00:00",3,21,96.3,0,1.56
260,"ALACHUA","10/23/2020","10/23/2020","1:00:00",3,21.12,96.9,0,1.56
260,"ALACHUA","10/23/2020","10/23/2020","2:00:00",3,21.37,97.4,0,1.58
260,"ALACHUA","10/23/2020","10/23/2020","3:00:00",3,21.36,97.7,0,1.62
260,"ALACHUA","10/23/2020","10/23/2020","4:00:00",3,21.22,97.8,0,1.64
260,"ALACHUA","10/23/2020","10/23/2020","5:00:00",3,21.11,98.1,0,1.66
260,"ALACHUA","10/23/2020","10/23/2020","6:00:00",3,21.25,98.1,0,1.69
260,"ALACHUA","10/23/2020","10/23/2020","7:00:00",3,21.14,98,0,2.79
260,"ALACHUA","10/23/2020","10/23/2020","8:00:00",3,21.8,97.6,0,95.07
260,"ALACHUA","10/23/2020","10/23/2020","9:00:00",3,24.27,92.7,0,262.77
260,"ALACHUA","10/23/2020","10/23/2020","10:00:00",3,26.66,83.7,0,433.1
260,"ALACHUA","10/23/2020","10/23/2020","11:00:00",3,27.47,79.3,0,434.22
260,"ALACHUA","10/23/2020","10/24/2020","12:00:00",4,27.68,75.6,0,352.58
260,"ALACHUA","10/23/2020","10/24/2020","13:00:00",4,28.09,75.7,0,481.5
260,"ALACHUA","10/23/2020","10/24/2020","14:00:00",4,25.49,83.8,0.02,178.2
260,"ALACHUA","10/23/2020","10/24/2020","15:00:00",4,23.13,93.2,0.07,170.02
260,"ALACHUA","10/23/2020","10/24/2020","16:00:00",4,24.5,90.9,0,194.02
260,"ALACHUA","10/23/2020","10/24/2020","17:00:00",4,24.44,88.2,0,99.66
260,"ALACHUA","10/23/2020","10/24/2020","18:00:00",4,23.62,87.3,0,33.46
260,"ALACHUA","10/23/2020","10/24/2020","19:00:00",4,22.5,90.8,0,1.92
260,"ALACHUA","10/23/2020","10/24/2020","20:00:00",4,21.92,92.1,0,1.43
260,"ALACHUA","10/23/2020","10/24/2020","21:00:00",4,21.17,94.5,0,1.49
260,"ALACHUA","10/23/2020","10/24/2020","22:00:00",4,20.8,95.2,0,1.52
260,"ALACHUA","10/23/2020","10/24/2020","23:00:00",4,20.22,96.4,0,1.53
260,"ALACHUA","10/24/2020","10/24/2020","0:00:00",4,19.92,97.1,0,1.52
260,"ALACHUA","10/24/2020","10/24/2020","1:00:00",4,19.79,97.6,0,1.52
260,"ALACHUA","10/24/2020","10/24/2020","2:00:00",4,19.32,97.8,0,1.49
260,"ALACHUA","10/24/2020","10/24/2020","3:00:00",4,19.7,98.1,0,1.56
260,"ALACHUA","10/24/2020","10/24/2020","4:00:00",4,19.19,98.2,0,1.56
260,"ALACHUA","10/24/2020","10/24/2020","5:00:00",4,18.83,98.2,0,1.56
260,"ALACHUA","10/24/2020","10/24/2020","6:00:00",4,18.68,98.4,0,1.57
260,"ALACHUA","10/24/2020","10/24/2020","7:00:00",4,18.59,98.5,0,2.41
260,"ALACHUA","10/24/2020","10/24/2020","8:00:00",4,19.33,98.6,0,46.92
260,"ALACHUA","10/24/2020","10/24/2020","9:00:00",4,22.3,96.9,0,243.85
260,"ALACHUA","10/24/2020","10/24/2020","10:00:00",4,24.48,90,0,290.3
260,"ALACHUA","10/24/2020","10/24/2020","11:00:00",4,26.49,83.2,0,463.75
260,"ALACHUA","10/24/2020","10/25/2020","12:00:00",5,27.21,77.8,0,477.78
260,"ALACHUA","10/24/2020","10/25/2020","13:00:00",5,28.32,75.1,0,614.58
260,"ALACHUA","10/24/2020","10/25/2020","14:00:00",5,26.98,78.8,0,317.45
260,"ALACHUA","10/24/2020","10/25/2020","15:00:00",5,28.78,67,0,402.62
260,"ALACHUA","10/24/2020","10/25/2020","16:00:00",5,28.94,65.2,0,358.22
260,"ALACHUA","10/24/2020","10/25/2020","17:00:00",5,27.76,66.8,0,120.95
260,"ALACHUA","10/24/2020","10/25/2020","18:00:00",5,25.55,78.2,0,31.52
260,"ALACHUA","10/24/2020","10/25/2020","19:00:00",5,23.32,87.1,0,1.64
260,"ALACHUA","10/24/2020","10/25/2020","20:00:00",5,23.2,82.7,0,1.39
260,"ALACHUA","10/24/2020","10/25/2020","21:00:00",5,23.06,84,0,1.42
260,"ALACHUA","10/24/2020","10/25/2020","22:00:00",5,23.17,86.1,0,1.45
260,"ALACHUA","10/24/2020","10/25/2020","23:00:00",5,22.13,91.8,0.01,1.46
260,"ALACHUA","10/25/2020","10/25/2020","0:00:00",5,21.54,95,0,1.56
260,"ALACHUA","10/25/2020","10/25/2020","1:00:00",5,21.02,96.3,0,1.56
260,"ALACHUA","10/25/2020","10/25/2020","2:00:00",5,20.25,96.9,0,1.56
260,"ALACHUA","10/25/2020","10/25/2020","3:00:00",5,19.72,97.3,0,1.55
260,"ALACHUA","10/25/2020","10/25/2020","4:00:00",5,19.52,97.6,0,1.55
260,"ALACHUA","10/25/2020","10/25/2020","5:00:00",5,19.32,97.8,0,1.56
260,"ALACHUA","10/25/2020","10/25/2020","6:00:00",5,19.7,98,0,1.86
260,"ALACHUA","10/25/2020","10/25/2020","7:00:00",5,19.47,98.2,0,2.67
260,"ALACHUA","10/25/2020","10/25/2020","8:00:00",5,19.9,98.3,0.01,57.76
260,"ALACHUA","10/25/2020","10/25/2020","9:00:00",5,22.83,97.2,0,235.4
260,"ALACHUA","10/25/2020","10/25/2020","10:00:00",5,26.4,89.5,0,405.85
260,"ALACHUA","10/25/2020","10/25/2020","11:00:00",5,28.61,79.5,0,549.67
260,"ALACHUA","10/25/2020","10/26/2020","12:00:00",6,29.56,69.3,0,489.12
260,"ALACHUA","10/25/2020","10/26/2020","13:00:00",6,29.28,67.4,0,451.65
260,"ALACHUA","10/25/2020","10/26/2020","14:00:00",6,30.21,63.4,0,570.35
260,"ALACHUA","10/25/2020","10/26/2020","15:00:00",6,31.06,60.4,0,579.85
260,"ALACHUA","10/25/2020","10/26/2020","16:00:00",6,29.97,61.3,0,246.13
260,"ALACHUA","10/25/2020","10/26/2020","17:00:00",6,30.42,60.4,0,194.27
260,"ALACHUA","10/25/2020","10/26/2020","18:00:00",6,29.03,66.2,0,66.31
260,"ALACHUA","10/25/2020","10/26/2020","19:00:00",6,24.08,83.4,0,2.08
260,"ALACHUA","10/25/2020","10/26/2020","20:00:00",6,23.1,88.4,0,1.39
260,"ALACHUA","10/25/2020","10/26/2020","21:00:00",6,23.58,89.2,0,1.57
260,"ALACHUA","10/25/2020","10/26/2020","22:00:00",6,22.97,91.5,0,1.61
260,"ALACHUA","10/25/2020","10/26/2020","23:00:00",6,21.8,94.6,0,1.66
260,"ALACHUA","10/26/2020","10/26/2020","0:00:00",6,20.98,96,0,1.7
260,"ALACHUA","10/26/2020","10/26/2020","1:00:00",6,20.28,96.9,0,1.75
260,"ALACHUA","10/26/2020","10/26/2020","2:00:00",6,19.85,97.4,0,1.9
260,"ALACHUA","10/26/2020","10/26/2020","3:00:00",6,19.24,97.7,0,1.88
260,"ALACHUA","10/26/2020","10/26/2020","4:00:00",6,19.2,97.9,0,1.87
260,"ALACHUA","10/26/2020","10/26/2020","5:00:00",6,20.25,98.1,0,1.95
260,"ALACHUA","10/26/2020","10/26/2020","6:00:00",6,20.34,98.3,0,1.95
260,"ALACHUA","10/26/2020","10/26/2020","7:00:00",6,20.44,98.5,0,2.86
260,"ALACHUA","10/26/2020","10/26/2020","8:00:00",6,21.06,98.6,0,39.09
260,"ALACHUA","10/26/2020","10/26/2020","9:00:00",6,22.17,98.7,0,118.8
260,"ALACHUA","10/26/2020","10/26/2020","10:00:00",6,23.82,97,0,310.02
260,"ALACHUA","10/26/2020","10/26/2020","11:00:00",6,26.15,87,0,462.18
260,"ALACHUA","10/26/2020","10/27/2020","12:00:00",7,27.99,76.8,0,613.88
260,"ALACHUA","10/26/2020","10/27/2020","13:00:00",7,28.89,73,0,522.17
260,"ALACHUA","10/26/2020","10/27/2020","14:00:00",7,29.05,70.2,0,433.12
260,"ALACHUA","10/26/2020","10/27/2020","15:00:00",7,29.08,69.5,0,328.78
260,"ALACHUA","10/26/2020","10/27/2020","16:00:00",7,28.76,69.7,0,270.32
260,"ALACHUA","10/26/2020","10/27/2020","17:00:00",7,28.13,71.5,0,193.3
260,"ALACHUA","10/26/2020","10/27/2020","18:00:00",7,26.63,76.3,0,55.93
260,"ALACHUA","10/26/2020","10/27/2020","19:00:00",7,24.96,82,0,2.04
260,"ALACHUA","10/26/2020","10/27/2020","20:00:00",7,24,87.2,0,1.39
260,"ALACHUA","10/26/2020","10/27/2020","21:00:00",7,23.59,90.8,0,1.47
260,"ALACHUA","10/26/2020","10/27/2020","22:00:00",7,23.37,93.2,0,1.52
260,"ALACHUA","10/26/2020","10/27/2020","23:00:00",7,23.65,93.9,0,1.58
260,"ALACHUA","10/27/2020","10/27/2020","0:00:00",7,23.63,94.4,0,1.58
260,"ALACHUA","10/27/2020","10/27/2020","1:00:00",7,23.14,95.7,0,1.55
260,"ALACHUA","10/27/2020","10/27/2020","2:00:00",7,23.07,96.3,0,1.57
260,"ALACHUA","10/27/2020","10/27/2020","3:00:00",7,22.94,96.6,0,1.6
260,"ALACHUA","10/27/2020","10/27/2020","4:00:00",7,22.82,97.1,0,1.63
260,"ALACHUA","10/27/2020","10/27/2020","5:00:00",7,22.78,97.4,0,1.62
260,"ALACHUA","10/27/2020","10/27/2020","6:00:00",7,22.92,97.5,0,1.61
260,"ALACHUA","10/27/2020","10/27/2020","7:00:00",7,23.16,97.6,0,2.5
260,"ALACHUA","10/27/2020","10/27/2020","8:00:00",7,23.58,97.2,0,56.32
260,"ALACHUA","10/27/2020","10/27/2020","9:00:00",7,25.33,93.2,0,204.45
260,"ALACHUA","10/27/2020","10/27/2020","10:00:00",7,27.05,86.5,0,350.62
260,"ALACHUA","10/27/2020","10/27/2020","11:00:00",7,28.26,80.4,0,362.8
260,"ALACHUA","10/27/2020","10/28/2020","12:00:00",8,28.42,78.8,0,325.97
260,"ALACHUA","10/27/2020","10/28/2020","13:00:00",8,29.21,74.9,0,348.5
260,"ALACHUA","10/27/2020","10/28/2020","14:00:00",8,28.6,77.1,0,220.27
260,"ALACHUA","10/27/2020","10/28/2020","15:00:00",8,28.05,81.6,0,353.25
260,"ALACHUA","10/27/2020","10/28/2020","16:00:00",8,27.97,80.8,0,170.61
260,"ALACHUA","10/27/2020","10/28/2020","17:00:00",8,28.16,81,0,178.54
260,"ALACHUA","10/27/2020","10/28/2020","18:00:00",8,27.06,81.8,0,32.17
260,"ALACHUA","10/27/2020","10/28/2020","19:00:00",8,25.84,86.1,0,1.66
260,"ALACHUA","10/27/2020","10/28/2020","20:00:00",8,25.34,87.1,0,1.56
260,"ALACHUA","10/27/2020","10/28/2020","21:00:00",8,24.78,88.9,0,1.51
260,"ALACHUA","10/27/2020","10/28/2020","22:00:00",8,24.25,90.6,0,1.49
260,"ALACHUA","10/27/2020","10/28/2020","23:00:00",8,24.01,92.2,0,1.51
260,"ALACHUA","10/28/2020","10/28/2020","0:00:00",8,23.81,93.6,0,1.52
260,"ALACHUA","10/28/2020","10/28/2020","1:00:00",8,23.61,94.6,0,1.52
260,"ALACHUA","10/28/2020","10/28/2020","2:00:00",8,23.22,95.5,0,1.54
260,"ALACHUA","10/28/2020","10/28/2020","3:00:00",8,22.77,96.3,0,1.57
260,"ALACHUA","10/28/2020","10/28/2020","4:00:00",8,22.39,96.8,0,1.6
260,"ALACHUA","10/28/2020","10/28/2020","5:00:00",8,22,97.4,0,1.62
260,"ALACHUA","10/28/2020","10/28/2020","6:00:00",8,21.85,97.7,0,1.7
260,"ALACHUA","10/28/2020","10/28/2020","7:00:00",8,21.59,97.9,0,2.54
260,"ALACHUA","10/28/2020","10/28/2020","8:00:00",8,22.62,97.8,0,61.88
260,"ALACHUA","10/28/2020","10/28/2020","9:00:00",8,24.68,94.8,0,221.4
260,"ALACHUA","10/28/2020","10/28/2020","10:00:00",8,26.86,87.2,0,335.22
260,"ALACHUA","10/28/2020","10/28/2020","11:00:00",8,28.74,80,0,545.3
260,"ALACHUA","10/28/2020","10/29/2020","12:00:00",9,29.77,73.6,0,489.45
260,"ALACHUA","10/28/2020","10/29/2020","13:00:00",9,29.94,71.2,0,439.92
260,"ALACHUA","10/28/2020","10/29/2020","14:00:00",9,30.44,69.1,0,401.7
260,"ALACHUA","10/28/2020","10/29/2020","15:00:00",9,30.84,67.9,0,362.48
260,"ALACHUA","10/28/2020","10/29/2020","16:00:00",9,31.12,66.8,0,364.25
260,"ALACHUA","10/28/2020","10/29/2020","17:00:00",9,29.62,71.4,0,122.13
260,"ALACHUA","10/28/2020","10/29/2020","18:00:00",9,28.35,77.5,0,47.71
260,"ALACHUA","10/28/2020","10/29/2020","19:00:00",9,25.53,86.1,0,1.63
260,"ALACHUA","10/28/2020","10/29/2020","20:00:00",9,25.29,87,0,1.39
260,"ALACHUA","10/28/2020","10/29/2020","21:00:00",9,25.5,89.2,0,1.44
260,"ALACHUA","10/28/2020","10/29/2020","22:00:00",9,25.37,90.4,0,1.48
260,"ALACHUA","10/28/2020","10/29/2020","23:00:00",9,25.2,88.9,0,1.45
260,"ALACHUA","10/29/2020","10/29/2020","0:00:00",9,24.74,88.7,0,1.44
260,"ALACHUA","10/29/2020","10/29/2020","1:00:00",9,24.38,90,0,1.48
260,"ALACHUA","10/29/2020","10/29/2020","2:00:00",9,24.33,90.8,0,1.48
260,"ALACHUA","10/29/2020","10/29/2020","3:00:00",9,24.09,92.3,0,1.48
260,"ALACHUA","10/29/2020","10/29/2020","4:00:00",9,24.04,93,0,1.52
260,"ALACHUA","10/29/2020","10/29/2020","5:00:00",9,23.98,93.4,0,1.52
260,"ALACHUA","10/29/2020","10/29/2020","6:00:00",9,24.04,93,0,1.54
260,"ALACHUA","10/29/2020","10/29/2020","7:00:00",9,23.74,93.6,0,3.46
260,"ALACHUA","10/29/2020","10/29/2020","8:00:00",9,23.99,93.5,0,61.69
260,"ALACHUA","10/29/2020","10/29/2020","9:00:00",9,25.54,90.3,0,213.92
260,"ALACHUA","10/29/2020","10/29/2020","10:00:00",9,26.86,86.6,0,284.55
260,"ALACHUA","10/29/2020","10/29/2020","11:00:00",9,28.71,80.4,0,425.18
260,"ALACHUA","10/29/2020","10/30/2020","12:00:00",10,29.92,73.4,0,503.15
260,"ALACHUA","10/29/2020","10/30/2020","13:00:00",10,30.51,69.6,0,521.22
260,"ALACHUA","10/29/2020","10/30/2020","14:00:00",10,30.58,68.6,0,463.42
260,"ALACHUA","10/29/2020","10/30/2020","15:00:00",10,29.86,71.9,0,314.18
260,"ALACHUA","10/29/2020","10/30/2020","16:00:00",10,27.73,80.4,0.03,152.45
260,"ALACHUA","10/29/2020","10/30/2020","17:00:00",10,24.66,92.4,0,73.74
260,"ALACHUA","10/29/2020","10/30/2020","18:00:00",10,24.48,93.9,0,44.47
260,"ALACHUA","10/29/2020","10/30/2020","19:00:00",10,24.36,95.2,0,1.84
260,"ALACHUA","10/29/2020","10/30/2020","20:00:00",10,24.33,95.7,0,1.49
260,"ALACHUA","10/29/2020","10/30/2020","21:00:00",10,23.72,94,0.01,1.5
260,"ALACHUA","10/29/2020","10/30/2020","22:00:00",10,22.07,88.5,0,1.34
260,"ALACHUA","10/29/2020","10/30/2020","23:00:00",10,21.1,87,0,1.37
260,"ALACHUA","10/30/2020","10/30/2020","0:00:00",10,20.41,85.2,0,1.46
260,"ALACHUA","10/30/2020","10/30/2020","1:00:00",10,19.1,86.7,0,1.38
260,"ALACHUA","10/30/2020","10/30/2020","2:00:00",10,17.75,85.3,0,1.34
260,"ALACHUA","10/30/2020","10/30/2020","3:00:00",10,16.15,86,0,1.33
260,"ALACHUA","10/30/2020","10/30/2020","4:00:00",10,15.07,87,0,1.25
260,"ALACHUA","10/30/2020","10/30/2020","5:00:00",10,14,87.1,0,1.17
260,"ALACHUA","10/30/2020","10/30/2020","6:00:00",10,12.71,88.4,0,1.17
260,"ALACHUA","10/30/2020","10/30/2020","7:00:00",10,11.62,88.5,0,1.95
260,"ALACHUA","10/30/2020","10/30/2020","8:00:00",10,12.06,85.9,0,73.99
260,"ALACHUA","10/30/2020","10/30/2020","9:00:00",10,13.52,78.8,0,250.23
260,"ALACHUA","10/30/2020","10/30/2020","10:00:00",10,14.82,73,0,421.9
260,"ALACHUA","10/30/2020","10/30/2020","11:00:00",10,16.73,68.7,0,557.75
260,"ALACHUA","10/30/2020","10/31/2020","12:00:00",11,18.33,65.2,0,639.52
260,"ALACHUA","10/30/2020","10/31/2020","13:00:00",11,19.76,61.6,0,662.68
260,"ALACHUA","10/30/2020","10/31/2020","14:00:00",11,21.23,57.8,0,631.75
260,"ALACHUA","10/30/2020","10/31/2020","15:00:00",11,22.2,55.7,0,542.05
260,"ALACHUA","10/30/2020","10/31/2020","16:00:00",11,22.96,53.3,0,404.33
260,"ALACHUA","10/30/2020","10/31/2020","17:00:00",11,22.76,54,0,233.28
260,"ALACHUA","10/30/2020","10/31/2020","18:00:00",11,20.92,60.6,0,58.4
260,"ALACHUA","10/30/2020","10/31/2020","19:00:00",11,15.32,82.8,0,1.71
260,"ALACHUA","10/30/2020","10/31/2020","20:00:00",11,13.56,90.8,0,1.33
260,"ALACHUA","10/30/2020","10/31/2020","21:00:00",11,12.6,93.7,0,1.23
260,"ALACHUA","10/30/2020","10/31/2020","22:00:00",11,12.28,95.1,0,1.24
260,"ALACHUA","10/30/2020","10/31/2020","23:00:00",11,11.89,95.7,0,1.26
260,"ALACHUA","10/31/2020","10/31/2020","0:00:00",11,11.19,96.2,0,1.49
260,"ALACHUA","10/31/2020","10/31/2020","1:00:00",11,11.13,96.8,0,1.52
260,"ALACHUA","10/31/2020","10/31/2020","2:00:00",11,11.01,97.1,0,1.47
260,"ALACHUA","10/31/2020","10/31/2020","3:00:00",11,10.75,97.3,0,1.42
260,"ALACHUA","10/31/2020","10/31/2020","4:00:00",11,10.84,97.5,0,1.44
260,"ALACHUA","10/31/2020","10/31/2020","5:00:00",11,11,97.8,0,1.46
260,"ALACHUA","10/31/2020","10/31/2020","6:00:00",11,12.14,97.3,0,1.56
260,"ALACHUA","10/31/2020","10/31/2020","7:00:00",11,12.24,96.7,0,2.29
260,"ALACHUA","10/31/2020","10/31/2020","8:00:00",11,13.7,95.7,0,78.62
260,"ALACHUA","10/31/2020","10/31/2020","9:00:00",11,16.56,92.3,0,237.9
260,"ALACHUA","10/31/2020","10/31/2020","10:00:00",11,19.77,87.8,0,397.78
260,"ALACHUA","10/31/2020","10/31/2020","11:00:00",11,22.85,81.8,0,525.6
260,"ALACHUA","10/31/2020","11/1/2020","12:00:00",12,24.6,76.8,0,607.62
260,"ALACHUA","10/31/2020","11/1/2020","13:00:00",12,25.9,73.1,0,566.95
260,"ALACHUA","10/31/2020","11/1/2020","14:00:00",12,26.66,71.6,0,562.55
260,"ALACHUA","10/31/2020","11/1/2020","15:00:00",12,27.25,67.6,0,401.72
260,"ALACHUA","10/31/2020","11/1/2020","16:00:00",12,27.23,69.5,0,329.65
260,"ALACHUA","10/31/2020","11/1/2020","17:00:00",12,26.26,73.1,0,192.8
260,"ALACHUA","10/31/2020","11/1/2020","18:00:00",12,24.12,79.8,0,51.71
260,"ALACHUA","10/31/2020","11/1/2020","19:00:00",12,21.55,87.2,0,1.82
260,"ALACHUA","10/31/2020","11/1/2020","20:00:00",12,20.27,91.4,0,1.44
260,"ALACHUA","10/31/2020","11/1/2020","21:00:00",12,19.33,94.2,0,1.57
260,"ALACHUA","10/31/2020","11/1/2020","22:00:00",12,18.68,95.9,0,1.75
260,"ALACHUA","10/31/2020","11/1/2020","23:00:00",12,18.26,96.7,0,1.74
260,"ALACHUA","11/1/2020","11/1/2020","0:00:00",12,18.57,97.4,0,1.84
260,"ALACHUA","11/1/2020","11/1/2020","1:00:00",12,18.15,97.8,0,2.3
260,"ALACHUA","11/1/2020","11/1/2020","2:00:00",12,17.4,98,0,2.47
260,"ALACHUA","11/1/2020","11/1/2020","3:00:00",12,16.67,98.2,0,2.4
260,"ALACHUA","11/1/2020","11/1/2020","4:00:00",12,16.71,98.2,0,2.52
260,"ALACHUA","11/1/2020","11/1/2020","5:00:00",12,17.22,98.4,0,2.52
260,"ALACHUA","11/1/2020","11/1/2020","6:00:00",12,18.06,98.5,0.01,2.55
260,"ALACHUA","11/1/2020","11/1/2020","7:00:00",12,18.66,98.5,0,2.72
260,"ALACHUA","11/1/2020","11/1/2020","8:00:00",12,19.03,98.5,0.01,28.39
260,"ALACHUA","11/1/2020","11/1/2020","9:00:00",12,19.89,98.4,0,87.41
260,"ALACHUA","11/1/2020","11/1/2020","10:00:00",12,20.94,98.1,0.01,93.06
260,"ALACHUA","11/1/2020","11/1/2020","11:00:00",12,22.4,97.2,0.01,309.6
260,"ALACHUA","11/1/2020","11/2/2020","12:00:00",13,25.65,88.9,0.01,574.22
260,"ALACHUA","11/1/2020","11/2/2020","13:00:00",13,27.76,79.3,0,497.45
260,"ALACHUA","11/1/2020","11/2/2020","14:00:00",13,24.09,85.8,0.11,113.38
260,"ALACHUA","11/1/2020","11/2/2020","15:00:00",13,22.2,94.9,0.01,143.92
260,"ALACHUA","11/1/2020","11/2/2020","16:00:00",13,22.88,94,0.02,151.98
260,"ALACHUA","11/1/2020","11/2/2020","17:00:00",13,22.48,94.2,0.01,64.75
260,"ALACHUA","11/1/2020","11/2/2020","18:00:00",13,22.02,94.8,0,24.87
260,"ALACHUA","11/1/2020","11/2/2020","19:00:00",13,21.26,95,0,1.99
260,"ALACHUA","11/1/2020","11/2/2020","20:00:00",13,19.8,96,0,1.83
260,"ALACHUA","11/1/2020","11/2/2020","21:00:00",13,17.99,96.9,0,1.68
260,"ALACHUA","11/1/2020","11/2/2020","22:00:00",13,17.68,97.3,0,1.76
260,"ALACHUA","11/1/2020","11/2/2020","23:00:00",13,17.7,94.3,0,1.77
260,"ALACHUA","11/2/2020","11/2/2020","0:00:00",13,16.79,93.1,0,1.75
260,"ALACHUA","11/2/2020","11/2/2020","1:00:00",13,15.41,92.1,0,1.61
260,"ALACHUA","11/2/2020","11/2/2020","2:00:00",13,14.43,87.2,0,1.44
260,"ALACHUA","11/2/2020","11/2/2020","3:00:00",13,13.03,84.2,0,1.25
260,"ALACHUA","11/2/2020","11/2/2020","4:00:00",13,12.16,79,0,1.19
260,"ALACHUA","11/2/2020","11/2/2020","5:00:00",13,11.56,75.7,0,1.21
260,"ALACHUA","11/2/2020","11/2/2020","6:00:00",13,10.74,71.6,0,1.87
260,"ALACHUA","11/2/2020","11/2/2020","7:00:00",13,10.51,65.2,0,70.07
260,"ALACHUA","11/2/2020","11/2/2020","8:00:00",13,11.83,56.6,0,247.65
260,"ALACHUA","11/2/2020","11/2/2020","9:00:00",13,13.3,48.1,0,421.65
260,"ALACHUA","11/2/2020","11/2/2020","10:00:00",13,14.85,41.3,0,559.65
260,"ALACHUA","11/2/2020","11/2/2020","11:00:00",13,16.34,36.2,0,645.38
260,"ALACHUA","11/2/2020","11/3/2020","12:00:00",14,17.4,34.6,0,665.02
260,"ALACHUA","11/2/2020","11/3/2020","13:00:00",14,17.97,36.6,0,629.08
260,"ALACHUA","11/2/2020","11/3/2020","14:00:00",14,18.5,41.6,0,535.52
260,"ALACHUA","11/2/2020","11/3/2020","15:00:00",14,18.39,45.4,0,396.3
260,"ALACHUA","11/2/2020","11/3/2020","16:00:00",14,17.71,47.1,0,224.6
260,"ALACHUA","11/2/2020","11/3/2020","17:00:00",14,15.4,53.8,0,53.61
260,"ALACHUA","11/2/2020","11/3/2020","18:00:00",14,10.71,69,0,1.47
260,"ALACHUA","11/2/2020","11/3/2020","19:00:00",14,8.07,83,0,0.89
260,"ALACHUA","11/2/2020","11/3/2020","20:00:00",14,7.02,89.2,0,0.97
260,"ALACHUA","11/2/2020","11/3/2020","21:00:00",14,6.22,92.5,0,0.98
260,"ALACHUA","11/2/2020","11/3/2020","22:00:00",14,5.68,94.3,0,0.98
260,"ALACHUA","11/2/2020","11/3/2020","23:00:00",14,4.8,95.3,0,0.98
260,"ALACHUA","11/3/2020","11/3/2020","0:00:00",14,4.34,96.1,0,1
260,"ALACHUA","11/3/2020","11/3/2020","1:00:00",14,4.06,96.5,0,1.12
260,"ALACHUA","11/3/2020","11/3/2020","2:00:00",14,3.71,96.7,0,1.12
260,"ALACHUA","11/3/2020","11/3/2020","3:00:00",14,3.74,97.1,0,1.14
260,"ALACHUA","11/3/2020","11/3/2020","4:00:00",14,4.45,95.7,0,1.17
260,"ALACHUA","11/3/2020","11/3/2020","5:00:00",14,4.4,92.1,0,1.16
260,"ALACHUA","11/3/2020","11/3/2020","6:00:00",14,4.25,90.1,0,1.72
260,"ALACHUA","11/3/2020","11/3/2020","7:00:00",14,6.13,85.1,0,70.25
260,"ALACHUA","11/3/2020","11/3/2020","8:00:00",14,10.45,73.3,0,239.25
260,"ALACHUA","11/3/2020","11/3/2020","9:00:00",14,14.4,60.1,0,407.15
260,"ALACHUA","11/3/2020","11/3/2020","10:00:00",14,17.44,54.6,0,543.8
260,"ALACHUA","11/3/2020","11/3/2020","11:00:00",14,19.4,52.4,0,629.83
260,"ALACHUA","11/3/2020","11/4/2020","12:00:00",15,20.87,46.3,0,653.28
260,"ALACHUA","11/3/2020","11/4/2020","13:00:00",15,21.84,41.7,0,622.3
260,"ALACHUA","11/3/2020","11/4/2020","14:00:00",15,22.2,38.7,0,532.33
260,"ALACHUA","11/3/2020","11/4/2020","15:00:00",15,22.18,37.9,0,391.88
260,"ALACHUA","11/3/2020","11/4/2020","16:00:00",15,21.64,38,0,222.78
260,"ALACHUA","11/3/2020","11/4/2020","17:00:00",15,18.62,47.9,0,52.6
260,"ALACHUA","11/3/2020","11/4/2020","18:00:00",15,12.26,74.2,0,1.36
260,"ALACHUA","11/3/2020","11/4/2020","19:00:00",15,10.17,83.1,0,0.99
260,"ALACHUA","11/3/2020","11/4/2020","20:00:00",15,8.93,89.1,0,1.17
260,"ALACHUA","11/3/2020","11/4/2020","21:00:00",15,8.13,91.4,0,1.16
260,"ALACHUA","11/3/2020","11/4/2020","22:00:00",15,7.6,93.7,0,1.13
260,"ALACHUA","11/3/2020","11/4/2020","23:00:00",15,7.19,94.9,0,1.04
260,"ALACHUA","11/4/2020","11/4/2020","0:00:00",15,7.26,95.7,0,1.16
260,"ALACHUA","11/4/2020","11/4/2020","1:00:00",15,7.42,96.3,0,1.14
260,"ALACHUA","11/4/2020","11/4/2020","2:00:00",15,7.52,96.7,0,1.2
260,"ALACHUA","11/4/2020","11/4/2020","3:00:00",15,8.4,95.6,0,1.36
260,"ALACHUA","11/4/2020","11/4/2020","4:00:00",15,8.52,93.2,0,1.36
260,"ALACHUA","11/4/2020","11/4/2020","5:00:00",15,8.82,89.6,0,1.32
260,"ALACHUA","11/4/2020","11/4/2020","6:00:00",15,9.14,85.9,0,1.78
260,"ALACHUA","11/4/2020","11/4/2020","7:00:00",15,10.44,83.1,0,63.18
260,"ALACHUA","11/4/2020","11/4/2020","8:00:00",15,13.74,74.7,0,225.8
260,"ALACHUA","11/4/2020","11/4/2020","9:00:00",15,17.81,66,0,387.78
260,"ALACHUA","11/4/2020","11/4/2020","10:00:00",15,20.83,61,0,518.5
260,"ALACHUA","11/4/2020","11/4/2020","11:00:00",15,23.03,59.6,0,597.33
260,"ALACHUA","11/4/2020","11/5/2020","12:00:00",16,24.24,57.6,0,624.42
260,"ALACHUA","11/4/2020","11/5/2020","13:00:00",16,24.74,56.7,0,522.35
260,"ALACHUA","11/4/2020","11/5/2020","14:00:00",16,24.24,58.2,0,315.65
260,"ALACHUA","11/4/2020","11/5/2020","15:00:00",16,24.17,56.6,0,269.1
260,"ALACHUA","11/4/2020","11/5/2020","16:00:00",16,22.94,62.3,0,112.56
260,"ALACHUA","11/4/2020","11/5/2020","17:00:00",16,21.72,67.6,0,21.08
260,"ALACHUA","11/4/2020","11/5/2020","18:00:00",16,20.38,72.2,0,1.7
260,"ALACHUA","11/4/2020","11/5/2020","19:00:00",16,19.35,76.7,0,1.56
260,"ALACHUA","11/4/2020","11/5/2020","20:00:00",16,18.38,78.4,0,1.56
260,"ALACHUA","11/4/2020","11/5/2020","21:00:00",16,16.74,83.4,0,1.54
260,"ALACHUA","11/4/2020","11/5/2020","22:00:00",16,15.64,87.3,0,1.51
260,"ALACHUA","11/4/2020","11/5/2020","23:00:00",16,15.37,89.1,0,1.58
260,"ALACHUA","11/5/2020","11/5/2020","0:00:00",16,15.26,90.2,0,1.63
260,"ALACHUA","11/5/2020","11/5/2020","1:00:00",16,15.27,90.8,0,1.66
260,"ALACHUA","11/5/2020","11/5/2020","2:00:00",16,15.14,91.9,0,1.67
260,"ALACHUA","11/5/2020","11/5/2020","3:00:00",16,15.19,93,0,1.7
260,"ALACHUA","11/5/2020","11/5/2020","4:00:00",16,15.57,93.6,0,1.74
260,"ALACHUA","11/5/2020","11/5/2020","5:00:00",16,16.06,94.2,0,1.75
260,"ALACHUA","11/5/2020","11/5/2020","6:00:00",16,16.6,95,0,2.08
260,"ALACHUA","11/5/2020","11/5/2020","7:00:00",16,17.48,94.8,0,53.48
260,"ALACHUA","11/5/2020","11/5/2020","8:00:00",16,19.28,91.6,0,204.2
260,"ALACHUA","11/5/2020","11/5/2020","9:00:00",16,21.33,86.8,0,341.55
260,"ALACHUA","11/5/2020","11/5/2020","10:00:00",16,23.98,79.9,0,484.52
260,"ALACHUA","11/5/2020","11/5/2020","11:00:00",16,25.4,73.9,0,518.48
260,"ALACHUA","11/5/2020","11/6/2020","12:00:00",17,25.89,70.9,0,472.9
260,"ALACHUA","11/5/2020","11/6/2020","13:00:00",17,26.04,69.3,0,474.58
260,"ALACHUA","11/5/2020","11/6/2020","14:00:00",17,26.2,68.3,0,341.68
260,"ALACHUA","11/5/2020","11/6/2020","15:00:00",17,24.83,73.5,0,204.62
260,"ALACHUA","11/5/2020","11/6/2020","16:00:00",17,25.41,71.6,0,181.15
260,"ALACHUA","11/5/2020","11/6/2020","17:00:00",17,22.66,81.8,0,15.52
260,"ALACHUA","11/5/2020","11/6/2020","18:00:00",17,21.43,86.4,0,1.72
260,"ALACHUA","11/5/2020","11/6/2020","19:00:00",17,20.99,86.4,0,1.59
260,"ALACHUA","11/5/2020","11/6/2020","20:00:00",17,20.55,90,0,1.6
260,"ALACHUA","11/5/2020","11/6/2020","21:00:00",17,20.39,92.7,0,1.86
260,"ALACHUA","11/5/2020","11/6/2020","22:00:00",17,19.78,94.4,0,1.95
260,"ALACHUA","11/5/2020","11/6/2020","23:00:00",17,19.93,95.5,0,1.95
260,"ALACHUA","11/6/2020","11/6/2020","0:00:00",17,20.18,95,0,1.95
260,"ALACHUA","11/6/2020","11/6/2020","1:00:00",17,20.12,94.8,0,1.95
260,"ALACHUA","11/6/2020","11/6/2020","2:00:00",17,20.05,95.4,0,1.95
260,"ALACHUA","11/6/2020","11/6/2020","3:00:00",17,19.87,95.8,0,1.95
260,"ALACHUA","11/6/2020","11/6/2020","4:00:00",17,19.53,96.4,0,2.04
260,"ALACHUA","11/6/2020","11/6/2020","5:00:00",17,19.38,97,0,2.15
260,"ALACHUA","11/6/2020","11/6/2020","6:00:00",17,19.29,97.3,0,2.63
260,"ALACHUA","11/6/2020","11/6/2020","7:00:00",17,19.58,97.7,0,20.25
260,"ALACHUA","11/6/2020","11/6/2020","8:00:00",17,20.24,97.3,0,69
260,"ALACHUA","11/6/2020","11/6/2020","9:00:00",17,21.06,95.3,0,134.45
260,"ALACHUA","11/6/2020","11/6/2020","10:00:00",17,23.42,87.6,0,360.83
260,"ALACHUA","11/6/2020","11/6/2020","11:00:00",17,25.5,78.3,0,517.02
260,"ALACHUA","11/6/2020","11/7/2020","12:00:00",18,25.52,77.2,0,389.75
260,"ALACHUA","11/6/2020","11/7/2020","13:00:00",18,25.81,75.2,0,302.62
260,"ALACHUA","11/6/2020","11/7/2020","14:00:00",18,26.34,71.3,0,381
260,"ALACHUA","11/6/2020","11/7/2020","15:00:00",18,26.14,72.6,0,347.08
260,"ALACHUA","11/6/2020","11/7/2020","16:00:00",18,24.08,79.3,0.02,94.77
260,"ALACHUA","11/6/2020","11/7/2020","17:00:00",18,21.17,90.8,0,15.97
260,"ALACHUA","11/6/2020","11/7/2020","18:00:00",18,20.68,92.9,0,1.9
260,"ALACHUA","11/6/2020","11/7/2020","19:00:00",18,20.53,93.5,0,1.88
260,"ALACHUA","11/6/2020","11/7/2020","20:00:00",18,20.22,92.6,0,1.7
260,"ALACHUA","11/6/2020","11/7/2020","21:00:00",18,19.5,94.3,0,1.89
260,"ALACHUA","11/6/2020","11/7/2020","22:00:00",18,19.3,95.9,0,1.9
260,"ALACHUA","11/6/2020","11/7/2020","23:00:00",18,19.68,96.3,0,1.94
260,"ALACHUA","11/7/2020","11/7/2020","0:00:00",18,19.76,96.8,0,1.95
260,"ALACHUA","11/7/2020","11/7/2020","1:00:00",18,19.7,97.5,0,1.96
260,"ALACHUA","11/7/2020","11/7/2020","2:00:00",18,19.57,97.9,0,2.02
260,"ALACHUA","11/7/2020","11/7/2020","3:00:00",18,19.55,98.1,0,2.3
260,"ALACHUA","11/7/2020","11/7/2020","4:00:00",18,19.56,98.3,0,2.34
260,"ALACHUA","11/7/2020","11/7/2020","5:00:00",18,19.74,98.5,0,2.34
260,"ALACHUA","11/7/2020","11/7/2020","6:00:00",18,20.07,98.6,0,2.48
260,"ALACHUA","11/7/2020","11/7/2020","7:00:00",18,20.5,98.7,0,17.32
260,"ALACHUA","11/7/2020","11/7/2020","8:00:00",18,21.3,98.3,0,130.26
260,"ALACHUA","11/7/2020","11/7/2020","9:00:00",18,22.25,96.1,0,169.82
260,"ALACHUA","11/7/2020","11/7/2020","10:00:00",18,24.99,89.8,0,399.62
260,"ALACHUA","11/7/2020","11/7/2020","11:00:00",18,26.56,79,0,413.22
260,"ALACHUA","11/7/2020","11/8/2020","12:00:00",19,25.61,80.2,0.01,383.62
260,"ALACHUA","11/7/2020","11/8/2020","13:00:00",19,26.41,77.9,0.01,438.32
260,"ALACHUA","11/7/2020","11/8/2020","14:00:00",19,25.68,77.3,0,319.88
260,"ALACHUA","11/7/2020","11/8/2020","15:00:00",19,26.6,69.3,0,324.08
260,"ALACHUA","11/7/2020","11/8/2020","16:00:00",19,25.1,72.5,0,101.63
260,"ALACHUA","11/7/2020","11/8/2020","17:00:00",19,23.94,76.3,0,23.67
260,"ALACHUA","11/7/2020","11/8/2020","18:00:00",19,23.28,81.7,0,1.64
260,"ALACHUA","11/7/2020","11/8/2020","19:00:00",19,22.76,83.8,0,1.57
260,"ALACHUA","11/7/2020","11/8/2020","20:00:00",19,22.47,83.5,0,1.59
260,"ALACHUA","11/7/2020","11/8/2020","21:00:00",19,21.94,85.7,0,1.57
260,"ALACHUA","11/7/2020","11/8/2020","22:00:00",19,20.64,90.3,0,1.56
260,"ALACHUA","11/7/2020","11/8/2020","23:00:00",19,20.16,93.5,0,1.62
260,"ALACHUA","11/8/2020","11/8/2020","0:00:00",19,20.36,94.1,0,1.69
260,"ALACHUA","11/8/2020","11/8/2020","1:00:00",19,20.24,95.5,0,1.94
260,"ALACHUA","11/8/2020","11/8/2020","2:00:00",19,20.16,96.5,0,2.1
260,"ALACHUA","11/8/2020","11/8/2020","3:00:00",19,20.23,96.8,0,2.22
260,"ALACHUA","11/8/2020","11/8/2020","4:00:00",19,20.06,96.8,0,2.23
260,"ALACHUA","11/8/2020","11/8/2020","5:00:00",19,19.99,96.7,0,2.17
260,"ALACHUA","11/8/2020","11/8/2020","6:00:00",19,19.72,96.8,0,2.36
260,"ALACHUA","11/8/2020","11/8/2020","7:00:00",19,20.12,96.5,0,30.66
260,"ALACHUA","11/8/2020","11/8/2020","8:00:00",19,21.24,95.2,0,90.3
260,"ALACHUA","11/8/2020","11/8/2020","9:00:00",19,22.58,93.1,0,157.25
260,"ALACHUA","11/8/2020","11/8/2020","10:00:00",19,24.52,88.6,0,263.15
260,"ALACHUA","11/8/2020","11/8/2020","11:00:00",19,25.54,85,0,389.1
260,"ALACHUA","11/8/2020","11/9/2020","12:00:00",20,26.07,80.6,0,388.55
260,"ALACHUA","11/8/2020","11/9/2020","13:00:00",20,25.86,76.7,0,240.8
260,"ALACHUA","11/8/2020","11/9/2020","14:00:00",20,26,73.5,0,212.52
260,"ALACHUA","11/8/2020","11/9/2020","15:00:00",20,25.51,72.3,0,127.48
260,"ALACHUA","11/8/2020","11/9/2020","16:00:00",20,25.39,76.6,0,129.52
260,"ALACHUA","11/8/2020","11/9/2020","17:00:00",20,24.69,79.5,0,42.14
260,"ALACHUA","11/8/2020","11/9/2020","18:00:00",20,23.84,83.6,0,2.02
260,"ALACHUA","11/8/2020","11/9/2020","19:00:00",20,23.46,86.6,0,1.74
260,"ALACHUA","11/8/2020","11/9/2020","20:00:00",20,22.97,89.9,0,1.75
260,"ALACHUA","11/8/2020","11/9/2020","21:00:00",20,22.74,91.8,0,1.83
260,"ALACHUA","11/8/2020","11/9/2020","22:00:00",20,22.51,93.3,0,2.06
260,"ALACHUA","11/8/2020","11/9/2020","23:00:00",20,22.2,94.5,0,2.38
260,"ALACHUA","11/9/2020","11/9/2020","0:00:00",20,22.18,92.9,0,2.06
260,"ALACHUA","11/9/2020","11/9/2020","1:00:00",20,21.92,92.5,0,2.03
260,"ALACHUA","11/9/2020","11/9/2020","2:00:00",20,21.68,94.6,0,2.45
260,"ALACHUA","11/9/2020","11/9/2020","3:00:00",20,21.79,95,0,2.68
260,"ALACHUA","11/9/2020","11/9/2020","4:00:00",20,22.56,91.9,0,2.16
260,"ALACHUA","11/9/2020","11/9/2020","5:00:00",20,23.44,87.3,0,1.93
260,"ALACHUA","11/9/2020","11/9/2020","6:00:00",20,23.52,87.1,0,2.3
260,"ALACHUA","11/9/2020","11/9/2020","7:00:00",20,23.62,87.7,0,27.42
260,"ALACHUA","11/9/2020","11/9/2020","8:00:00",20,23.92,88,0,69.04
260,"ALACHUA","11/9/2020","11/9/2020","9:00:00",20,24.74,86.2,0,169.08
260,"ALACHUA","11/9/2020","11/9/2020","10:00:00",20,24.05,89.6,0.01,108.78
260,"ALACHUA","11/9/2020","11/9/2020","11:00:00",20,24.11,92.6,0,245.8
260,"ALACHUA","11/9/2020","11/10/2020","12:00:00",21,24.86,89.1,0,146.55
260,"ALACHUA","11/9/2020","11/10/2020","13:00:00",21,24.41,89.1,0,153.38
260,"ALACHUA","11/9/2020","11/10/2020","14:00:00",21,23.56,94.2,0.03,90.82
260,"ALACHUA","11/9/2020","11/10/2020","15:00:00",21,23.38,95.6,0.02,90.43
260,"ALACHUA","11/9/2020","11/10/2020","16:00:00",21,23.25,94.5,0.03,38.49
260,"ALACHUA","11/9/2020","11/10/2020","17:00:00",21,23.32,92.9,0,10.29
260,"ALACHUA","11/9/2020","11/10/2020","18:00:00",21,23.34,93,0,2.4
260,"ALACHUA","11/9/2020","11/10/2020","19:00:00",21,22.75,95.5,0.35,2.34
260,"ALACHUA","11/9/2020","11/10/2020","20:00:00",21,22.28,95.9,0.01,2.06
260,"ALACHUA","11/9/2020","11/10/2020","21:00:00",21,22.57,96.1,0,2.05
260,"ALACHUA","11/9/2020","11/10/2020","22:00:00",21,23.05,96,0.01,2.23
260,"ALACHUA","11/9/2020","11/10/2020","23:00:00",21,23.2,96.2,0.05,2.39
260,"ALACHUA","11/10/2020","11/10/2020","0:00:00",21,23.2,96.6,0,2.17
260,"ALACHUA","11/10/2020","11/10/2020","1:00:00",21,23.18,96.7,0,2.12
260,"ALACHUA","11/10/2020","11/10/2020","2:00:00",21,23.17,96.9,0,2.19
260,"ALACHUA","11/10/2020","11/10/2020","3:00:00",21,23.33,96.8,0,2.18
260,"ALACHUA","11/10/2020","11/10/2020","4:00:00",21,23.36,96.8,0.01,2.16
260,"ALACHUA","11/10/2020","11/10/2020","5:00:00",21,23.55,96.4,0,2.05
260,"ALACHUA","11/10/2020","11/10/2020","6:00:00",21,23.59,96.1,0,2.06
260,"ALACHUA","11/10/2020","11/10/2020","7:00:00",21,23.72,96.1,0,13.26
260,"ALACHUA","11/10/2020","11/10/2020","8:00:00",21,24.33,95.1,0,65.7
260,"ALACHUA","11/10/2020","11/10/2020","9:00:00",21,25.2,93.1,0,142.62
260,"ALACHUA","11/10/2020","11/10/2020","10:00:00",21,26.13,90.2,0,192.75
260,"ALACHUA","11/10/2020","11/10/2020","11:00:00",21,27.93,84.8,0,415.12
260,"ALACHUA","11/10/2020","11/11/2020","12:00:00",22,27.72,87.7,0,445.75
260,"ALACHUA","11/10/2020","11/11/2020","13:00:00",22,27.99,84.5,0.18,376.65
260,"ALACHUA","11/10/2020","11/11/2020","14:00:00",22,25.13,93.3,0.09,255.75
260,"ALACHUA","11/10/2020","11/11/2020","15:00:00",22,26.48,91.1,0,400.2
260,"ALACHUA","11/10/2020","11/11/2020","16:00:00",22,26.24,83.9,0,174.62
260,"ALACHUA","11/10/2020","11/11/2020","17:00:00",22,24.06,88.1,0,25.01
260,"ALACHUA","11/10/2020","11/11/2020","18:00:00",22,22.86,90.9,0,1.89
260,"ALACHUA","11/10/2020","11/11/2020","19:00:00",22,22.45,93.9,0,1.7
260,"ALACHUA","11/10/2020","11/11/2020","20:00:00",22,22.51,96,0,1.74
260,"ALACHUA","11/10/2020","11/11/2020","21:00:00",22,22.67,96.8,0,1.77
260,"ALACHUA","11/10/2020","11/11/2020","22:00:00",22,23.34,96.8,0,1.81
260,"ALACHUA","11/10/2020","11/11/2020","23:00:00",22,24.12,96.1,0,1.79
260,"ALACHUA","11/11/2020","11/11/2020","0:00:00",22,24.47,95,0,1.76
260,"ALACHUA","11/11/2020","11/11/2020","1:00:00",22,24.49,94.6,0,1.85
260,"ALACHUA","11/11/2020","11/11/2020","2:00:00",22,24,94.7,0.03,2.01
260,"ALACHUA","11/11/2020","11/11/2020","3:00:00",22,23.01,96,0.01,2.14
260,"ALACHUA","11/11/2020","11/11/2020","4:00:00",22,22.92,97,0,2.12
260,"ALACHUA","11/11/2020","11/11/2020","5:00:00",22,22.94,97.5,0,2.17
260,"ALACHUA","11/11/2020","11/11/2020","6:00:00",22,23.15,97.8,0,2.35
260,"ALACHUA","11/11/2020","11/11/2020","7:00:00",22,23.36,98.1,0,15.7
260,"ALACHUA","11/11/2020","11/11/2020","8:00:00",22,24.33,98,0,55.38
260,"ALACHUA","11/11/2020","11/11/2020","9:00:00",22,24.96,97.2,0,84.08
260,"ALACHUA","11/11/2020","11/11/2020","10:00:00",22,25.61,95.2,0,119.88
260,"ALACHUA","11/11/2020","11/11/2020","11:00:00",22,26.33,91.6,0,132.82
260,"ALACHUA","11/11/2020","11/12/2020","12:00:00",23,26.79,88.9,0,138.93
260,"ALACHUA","11/11/2020","11/12/2020","13:00:00",23,26.02,91.9,0.02,79.6
260,"ALACHUA","11/11/2020","11/12/2020","14:00:00",23,25.46,94.8,0.01,54.69
260,"ALACHUA","11/11/2020","11/12/2020","15:00:00",23,25.16,96.1,0,31.36
260,"ALACHUA","11/11/2020","11/12/2020","16:00:00",23,24.98,96.2,0.01,14.09
260,"ALACHUA","11/11/2020","11/12/2020","17:00:00",23,24.89,95.9,0,5.74
260,"ALACHUA","11/11/2020","11/12/2020","18:00:00",23,24.84,95.4,0.02,2.12
260,"ALACHUA","11/11/2020","11/12/2020","19:00:00",23,24.52,94.7,0,2.1
260,"ALACHUA","11/11/2020","11/12/2020","20:00:00",23,24.4,93.2,0,1.82
260,"ALACHUA","11/11/2020","11/12/2020","21:00:00",23,24.29,92.2,0,1.78
260,"ALACHUA","11/11/2020","11/12/2020","22:00:00",23,24.51,90.8,0,1.82
260,"ALACHUA","11/11/2020","11/12/2020","23:00:00",23,24.25,90.8,0,1.82
260,"ALACHUA","11/12/2020","11/12/2020","0:00:00",23,23.9,91.2,0,1.81
260,"ALACHUA","11/12/2020","11/12/2020","1:00:00",23,24.1,90,0,1.85
260,"ALACHUA","11/12/2020","11/12/2020","2:00:00",23,24.68,84.7,0,2.03
260,"ALACHUA","11/12/2020","11/12/2020","3:00:00",23,23.7,84.3,0.01,1.9
260,"ALACHUA","11/12/2020","11/12/2020","4:00:00",23,23.14,88.4,0,1.87
260,"ALACHUA","11/12/2020","11/12/2020","5:00:00",23,22.33,95.6,0.05,1.92
260,"ALACHUA","11/12/2020","11/12/2020","6:00:00",23,22.64,96.8,0.06,2
260,"ALACHUA","11/12/2020","11/12/2020","7:00:00",23,22.9,97.2,0.02,14.21
260,"ALACHUA","11/12/2020","11/12/2020","8:00:00",23,22.94,97.8,0,44.74
260,"ALACHUA","11/12/2020","11/12/2020","9:00:00",23,22.56,97.8,0.01,63.68
260,"ALACHUA","11/12/2020","11/12/2020","10:00:00",23,22.6,97.7,0.01,97.32
260,"ALACHUA","11/12/2020","11/12/2020","11:00:00",23,22.8,97.6,0.01,86.78
260,"ALACHUA","11/12/2020","11/13/2020","12:00:00",24,23.08,97.3,0.03,91.15
260,"ALACHUA","11/12/2020","11/13/2020","13:00:00",24,24.78,95.3,0,271.48
260,"ALACHUA","11/12/2020","11/13/2020","14:00:00",24,25.8,90.4,0.04,181.59
260,"ALACHUA","11/12/2020","11/13/2020","15:00:00",24,24.65,94.7,0.05,158.9
260,"ALACHUA","11/12/2020","11/13/2020","16:00:00",24,25.09,94.2,0,93.75
260,"ALACHUA","11/12/2020","11/13/2020","17:00:00",24,25.03,91.5,0,33.8
260,"ALACHUA","11/12/2020","11/13/2020","18:00:00",24,23.39,94,0,1.92
260,"ALACHUA","11/12/2020","11/13/2020","19:00:00",24,22.79,95,0,1.78
260,"ALACHUA","11/12/2020","11/13/2020","20:00:00",24,22.46,93.9,0,1.82
260,"ALACHUA","11/12/2020","11/13/2020","21:00:00",24,22.01,94.2,0,1.83
260,"ALACHUA","11/12/2020","11/13/2020","22:00:00",24,21.18,94.9,0,1.82
260,"ALACHUA","11/12/2020","11/13/2020","23:00:00",24,19.67,96,0,1.8
260,"ALACHUA","11/13/2020","11/13/2020","0:00:00",24,19.14,97.4,0,1.9
260,"ALACHUA","11/13/2020","11/13/2020","1:00:00",24,19.38,98,0,2.02
260,"ALACHUA","11/13/2020","11/13/2020","2:00:00",24,19.27,98.1,0,2.14
260,"ALACHUA","11/13/2020","11/13/2020","3:00:00",24,18.58,98.1,0,2.1
260,"ALACHUA","11/13/2020","11/13/2020","4:00:00",24,17.87,98.3,0,2.13
260,"ALACHUA","11/13/2020","11/13/2020","5:00:00",24,18.73,98.5,0,2.36
260,"ALACHUA","11/13/2020","11/13/2020","6:00:00",24,18.94,98.5,0,2.37
260,"ALACHUA","11/13/2020","11/13/2020","7:00:00",24,19.12,98.3,0,14.54
260,"ALACHUA","11/13/2020","11/13/2020","8:00:00",24,19.42,97.7,0,66.74
260,"ALACHUA","11/13/2020","11/13/2020","9:00:00",24,20.01,96.9,0,133.18
260,"ALACHUA","11/13/2020","11/13/2020","10:00:00",24,20.71,96.2,0,145.75
260,"ALACHUA","11/13/2020","11/13/2020","11:00:00",24,21.2,95.1,0,117.18
260,"ALACHUA","11/13/2020","11/14/2020","12:00:00",25,21.57,93.8,0,122.75
260,"ALACHUA","11/13/2020","11/14/2020","13:00:00",25,21.93,92.7,0,118.35
260,"ALACHUA","11/13/2020","11/14/2020","14:00:00",25,22.05,91.6,0,132.43
260,"ALACHUA","11/13/2020","11/14/2020","15:00:00",25,22.52,89.8,0,122.76
260,"ALACHUA","11/13/2020","11/14/2020","16:00:00",25,22.48,88.9,0,87.07
260,"ALACHUA","11/13/2020","11/14/2020","17:00:00",25,22.15,88.2,0,35.83
260,"ALACHUA","11/13/2020","11/14/2020","18:00:00",25,18.58,94.6,0,1.76
260,"ALACHUA","11/13/2020","11/14/2020","19:00:00",25,17.2,96.6,0,1.65
260,"ALACHUA","11/13/2020","11/14/2020","20:00:00",25,16.45,97.2,0,1.69
260,"ALACHUA","11/13/2020","11/14/2020","21:00:00",25,15.97,97.5,0,1.76
260,"ALACHUA","11/13/2020","11/14/2020","22:00:00",25,15.22,97.8,0,1.76
260,"ALACHUA","11/13/2020","11/14/2020","23:00:00",25,14.8,98,0,1.75
260,"ALACHUA","11/14/2020","11/14/2020","0:00:00",25,14.49,98.2,0,1.72
260,"ALACHUA","11/14/2020","11/14/2020","1:00:00",25,14.15,98.3,0,1.62
260,"ALACHUA","11/14/2020","11/14/2020","2:00:00",25,14.23,98.5,0,1.59
260,"ALACHUA","11/14/2020","11/14/2020","3:00:00",25,15.18,98.6,0,1.59
260,"ALACHUA","11/14/2020","11/14/2020","4:00:00",25,16.72,98.8,0,1.59
260,"ALACHUA","11/14/2020","11/14/2020","5:00:00",25,17.86,98.8,0,1.64
260,"ALACHUA","11/14/2020","11/14/2020","6:00:00",25,18.18,98.9,0,1.71
260,"ALACHUA","11/14/2020","11/14/2020","7:00:00",25,18.34,99,0,10.33
260,"ALACHUA","11/14/2020","11/14/2020","8:00:00",25,18.57,99,0,46.63
260,"ALACHUA","11/14/2020","11/14/2020","9:00:00",25,19.42,98.4,0.01,213.35
260,"ALACHUA","11/14/2020","11/14/2020","10:00:00",25,21.16,93.8,0,409.9
260,"ALACHUA","11/14/2020","11/14/2020","11:00:00",25,23.91,83.8,0,558.65
260,"ALACHUA","11/14/2020","11/15/2020","12:00:00",26,25.76,74.1,0,594.07
260,"ALACHUA","11/14/2020","11/15/2020","13:00:00",26,26.3,68,0,553.22
260,"ALACHUA","11/14/2020","11/15/2020","14:00:00",26,26.9,64.8,0,464.02
260,"ALACHUA","11/14/2020","11/15/2020","15:00:00",26,26.44,65.3,0,305.5
260,"ALACHUA","11/14/2020","11/15/2020","16:00:00",26,25.5,67.5,0,160.5
260,"ALACHUA","11/14/2020","11/15/2020","17:00:00",26,22.96,77,0,34.28
260,"ALACHUA","11/14/2020","11/15/2020","18:00:00",26,19.41,90.8,0,1.26
260,"ALACHUA","11/14/2020","11/15/2020","19:00:00",26,18.7,94.6,0,1.17
260,"ALACHUA","11/14/2020","11/15/2020","20:00:00",26,18.34,95.2,0,1.21
260,"ALACHUA","11/14/2020","11/15/2020","21:00:00",26,18.22,96.6,0,1.33
260,"ALACHUA","11/14/2020","11/15/2020","22:00:00",26,18.11,97,0,1.36
260,"ALACHUA","11/14/2020","11/15/2020","23:00:00",26,17.19,97.5,0,1.32
260,"ALACHUA","11/15/2020","11/15/2020","0:00:00",26,17.14,97.8,0,1.37
260,"ALACHUA","11/15/2020","11/15/2020","1:00:00",26,16.9,98,0,1.38
260,"ALACHUA","11/15/2020","11/15/2020","2:00:00",26,16.52,98.1,0,1.37
260,"ALACHUA","11/15/2020","11/15/2020","3:00:00",26,16.75,98.3,0,1.4
260,"ALACHUA","11/15/2020","11/15/2020","4:00:00",26,17.26,98.5,0,1.5
260,"ALACHUA","11/15/2020","11/15/2020","5:00:00",26,16.79,98.6,0,1.47
260,"ALACHUA","11/15/2020","11/15/2020","6:00:00",26,16.79,98.7,0,1.59
260,"ALACHUA","11/15/2020","11/15/2020","7:00:00",26,16.72,98.7,0,29.76
260,"ALACHUA","11/15/2020","11/15/2020","8:00:00",26,19.3,98.6,0,167.42
260,"ALACHUA","11/15/2020","11/15/2020","9:00:00",26,21.82,97.6,0,230.88
260,"ALACHUA","11/15/2020","11/15/2020","10:00:00",26,25.64,89.2,0,467.85
260,"ALACHUA","11/15/2020","11/15/2020","11:00:00",26,27.34,81,0,404.28
260,"ALACHUA","11/15/2020","11/16/2020","12:00:00",27,28.47,76,0,527.15
260,"ALACHUA","11/15/2020","11/16/2020","13:00:00",27,28.91,71.7,0,434.32
260,"ALACHUA","11/15/2020","11/16/2020","14:00:00",27,29.5,70.4,0,400.65
260,"ALACHUA","11/15/2020","11/16/2020","15:00:00",27,28.76,70.8,0,195.52
260,"ALACHUA","11/15/2020","11/16/2020","16:00:00",27,28.76,70,0,171.33
260,"ALACHUA","11/15/2020","11/16/2020","17:00:00",27,26.56,76.1,0,41.22
260,"ALACHUA","11/15/2020","11/16/2020","18:00:00",27,23.65,85.3,0,1.37
260,"ALACHUA","11/15/2020","11/16/2020","19:00:00",27,21.62,91.9,0,1.28
260,"ALACHUA","11/15/2020","11/16/2020","20:00:00",27,20.22,94.8,0,1.22
260,"ALACHUA","11/15/2020","11/16/2020","21:00:00",27,19.27,96.3,0,1.18
260,"ALACHUA","11/15/2020","11/16/2020","22:00:00",27,18.43,97.1,0,1.2
260,"ALACHUA","11/15/2020","11/16/2020","23:00:00",27,19.66,97.7,0,1.49
260,"ALACHUA","11/16/2020","11/16/2020","0:00:00",27,20.94,98,0,1.56
260,"ALACHUA","11/16/2020","11/16/2020","1:00:00",27,21.08,98.3,0,1.56
260,"ALACHUA","11/16/2020","11/16/2020","2:00:00",27,20.81,98.5,0,1.56
260,"ALACHUA","11/16/2020","11/16/2020","3:00:00",27,20.49,98.6,0,1.56
260,"ALACHUA","11/16/2020","11/16/2020","4:00:00",27,20.18,98.7,0,1.56
260,"ALACHUA","11/16/2020","11/16/2020","5:00:00",27,19.44,98.8,0,1.58
260,"ALACHUA","11/16/2020","11/16/2020","6:00:00",27,18.2,98.5,0,1.58
260,"ALACHUA","11/16/2020","11/16/2020","7:00:00",27,17.13,97.2,0,23.91
260,"ALACHUA","11/16/2020","11/16/2020","8:00:00",27,17.1,87.7,0,184.77
260,"ALACHUA","11/16/2020","11/16/2020","9:00:00",27,18.79,68.2,0,342.9
260,"ALACHUA","11/16/2020","11/16/2020","10:00:00",27,20.33,57.6,0,467.55
260,"ALACHUA","11/16/2020","11/16/2020","11:00:00",27,22.06,55,0,545.65
260,"ALACHUA","11/16/2020","11/17/2020","12:00:00",28,23.62,53.4,0,565.83
260,"ALACHUA","11/16/2020","11/17/2020","13:00:00",28,24.56,52.7,0,536.25
260,"ALACHUA","11/16/2020","11/17/2020","14:00:00",28,25.18,53,0,453.5
260,"ALACHUA","11/16/2020","11/17/2020","15:00:00",28,25.15,51.4,0,329.12
260,"ALACHUA","11/16/2020","11/17/2020","16:00:00",28,24.54,49,0,174.35
260,"ALACHUA","11/16/2020","11/17/2020","17:00:00",28,21.51,54.2,0,31.32
260,"ALACHUA","11/16/2020","11/17/2020","18:00:00",28,15.83,69.8,0,0.89
260,"ALACHUA","11/16/2020","11/17/2020","19:00:00",28,13.05,84,0,0.88
260,"ALACHUA","11/16/2020","11/17/2020","20:00:00",28,11.46,88.5,0,0.82
260,"ALACHUA","11/16/2020","11/17/2020","21:00:00",28,10.44,88.8,0,0.78
260,"ALACHUA","11/16/2020","11/17/2020","22:00:00",28,9.99,80.9,0,0.78
260,"ALACHUA","11/16/2020","11/17/2020","23:00:00",28,9.41,81.1,0,0.79
260,"ALACHUA","11/17/2020","11/17/2020","0:00:00",28,8.31,88.4,0,0.9
260,"ALACHUA","11/17/2020","11/17/2020","1:00:00",28,7.37,92,0,0.96
260,"ALACHUA","11/17/2020","11/17/2020","2:00:00",28,6.99,93.3,0,0.97
260,"ALACHUA","11/17/2020","11/17/2020","3:00:00",28,8.04,82.4,0,0.96
260,"ALACHUA","11/17/2020","11/17/2020","4:00:00",28,7.97,77.3,0,0.95
260,"ALACHUA","11/17/2020","11/17/2020","5:00:00",28,8.11,73.3,0,0.96
260,"ALACHUA","11/17/2020","11/17/2020","6:00:00",28,7.08,76,0,1.01
260,"ALACHUA","11/17/2020","11/17/2020","7:00:00",28,6.86,82,0,39.39
260,"ALACHUA","11/17/2020","11/17/2020","8:00:00",28,11.03,68.9,0,199.85
260,"ALACHUA","11/17/2020","11/17/2020","9:00:00",28,14.47,54.7,0,365.9
260,"ALACHUA","11/17/2020","11/17/2020","10:00:00",28,17.2,41.9,0,499.5
260,"ALACHUA","11/17/2020","11/17/2020","11:00:00",28,19.49,36.3,0,585.93
260,"ALACHUA","11/17/2020","11/18/2020","12:00:00",29,21.08,30.4,0,612.53
260,"ALACHUA","11/17/2020","11/18/2020","13:00:00",29,22.16,29.3,0,584.65
260,"ALACHUA","11/17/2020","11/18/2020","14:00:00",29,23.02,28.1,0,498.3
260,"ALACHUA","11/17/2020","11/18/2020","15:00:00",29,23.07,28.9,0,362.02
260,"ALACHUA","11/17/2020","11/18/2020","16:00:00",29,22.12,31,0,195.08
260,"ALACHUA","11/17/2020","11/18/2020","17:00:00",29,18.25,44,0,33.44
260,"ALACHUA","11/17/2020","11/18/2020","18:00:00",29,11.62,71.1,0,0.87
260,"ALACHUA","11/17/2020","11/18/2020","19:00:00",29,9.36,84,0,0.78
260,"ALACHUA","11/17/2020","11/18/2020","20:00:00",29,8.39,89.8,0,0.84
260,"ALACHUA","11/17/2020","11/18/2020","21:00:00",29,8.27,89.2,0,0.9
260,"ALACHUA","11/17/2020","11/18/2020","22:00:00",29,9.33,70.7,0,0.9
260,"ALACHUA","11/17/2020","11/18/2020","23:00:00",29,8.21,73.3,0,0.9
260,"ALACHUA","11/18/2020","11/18/2020","0:00:00",29,7.12,73.2,0,0.9
260,"ALACHUA","11/18/2020","11/18/2020","1:00:00",29,8.93,63.6,0,0.98
260,"ALACHUA","11/18/2020","11/18/2020","2:00:00",29,9.08,59.7,0,0.97
260,"ALACHUA","11/18/2020","11/18/2020","3:00:00",29,8.8,59.3,0,0.97
260,"ALACHUA","11/18/2020","11/18/2020","4:00:00",29,7.83,63.3,0,0.97
260,"ALACHUA","11/18/2020","11/18/2020","5:00:00",29,7.41,66.7,0,0.97
260,"ALACHUA","11/18/2020","11/18/2020","6:00:00",29,6.86,72.6,0,1.02
260,"ALACHUA","11/18/2020","11/18/2020","7:00:00",29,7.84,75.7,0,33.62
260,"ALACHUA","11/18/2020","11/18/2020","8:00:00",29,10.84,72.7,0,187.02
260,"ALACHUA","11/18/2020","11/18/2020","9:00:00",29,14.06,68.1,0,350.32
260,"ALACHUA","11/18/2020","11/18/2020","10:00:00",29,17.28,62.5,0,483
260,"ALACHUA","11/18/2020","11/18/2020","11:00:00",29,18.6,58.5,0,564.12
260,"ALACHUA","11/18/2020","11/19/2020","12:00:00",30,19.74,56.3,0,587.85
260,"ALACHUA","11/18/2020","11/19/2020","13:00:00",30,20.16,52.6,0,554.85
260,"ALACHUA","11/18/2020","11/19/2020","14:00:00",30,19.66,51,0,474.7
260,"ALACHUA","11/18/2020","11/19/2020","15:00:00",30,18.9,50.5,0,340.92
260,"ALACHUA","11/18/2020","11/19/2020","16:00:00",30,17.54,51.6,0,183.12
260,"ALACHUA","11/18/2020","11/19/2020","17:00:00",30,15.35,56.3,0,31.58
260,"ALACHUA","11/18/2020","11/19/2020","18:00:00",30,13.05,63.5,0,1.04
260,"ALACHUA","11/18/2020","11/19/2020","19:00:00",30,11.98,70.4,0,0.94
260,"ALACHUA","11/18/2020","11/19/2020","20:00:00",30,10.91,77,0,0.85
260,"ALACHUA","11/18/2020","11/19/2020","21:00:00",30,9.93,78.9,0,0.84
260,"ALACHUA","11/18/2020","11/19/2020","22:00:00",30,9.28,78.2,0,0.89
260,"ALACHUA","11/18/2020","11/19/2020","23:00:00",30,8.76,77.8,0,0.91
260,"ALACHUA","11/19/2020","11/19/2020","0:00:00",30,8.96,78.1,0,0.95
260,"ALACHUA","11/19/2020","11/19/2020","1:00:00",30,8.57,81,0,0.94
260,"ALACHUA","11/19/2020","11/19/2020","2:00:00",30,7.85,84.3,0,0.93
260,"ALACHUA","11/19/2020","11/19/2020","3:00:00",30,8.04,84.7,0,0.96
260,"ALACHUA","11/19/2020","11/19/2020","4:00:00",30,7.75,86,0,0.94
260,"ALACHUA","11/19/2020","11/19/2020","5:00:00",30,7.69,87.3,0,0.95
260,"ALACHUA","11/19/2020","11/19/2020","6:00:00",30,7.4,89.1,0,1
260,"ALACHUA","11/19/2020","11/19/2020","7:00:00",30,7.64,90.4,0,13.52
260,"ALACHUA","11/19/2020","11/19/2020","8:00:00",30,9.93,87.2,0,139.18
260,"ALACHUA","11/19/2020","11/19/2020","9:00:00",30,12.5,83,0,231.27
260,"ALACHUA","11/19/2020","11/19/2020","10:00:00",30,15.13,78.2,0,251.75
260,"ALACHUA","11/19/2020","11/19/2020","11:00:00",30,17.01,74.8,0,250.5
260,"ALACHUA","11/19/2020","11/20/2020","12:00:00",31,18.96,72.5,0,359.55
260,"ALACHUA","11/19/2020","11/20/2020","13:00:00",31,20.11,70.6,0,368.2
260,"ALACHUA","11/19/2020","11/20/2020","14:00:00",31,20.94,69.3,0,298.98
260,"ALACHUA","11/19/2020","11/20/2020","15:00:00",31,19.65,75.7,0,135.88
260,"ALACHUA","11/19/2020","11/20/2020","16:00:00",31,17.96,86.4,0,127.09
260,"ALACHUA","11/19/2020","11/20/2020","17:00:00",31,16.75,87.6,0,16.14
260,"ALACHUA","11/19/2020","11/20/2020","18:00:00",31,15.46,90.8,0,1.4
260,"ALACHUA","11/19/2020","11/20/2020","19:00:00",31,16.25,90.2,0,1.6
260,"ALACHUA","11/19/2020","11/20/2020","20:00:00",31,15.88,92.3,0,1.92
260,"ALACHUA","11/19/2020","11/20/2020","21:00:00",31,15.51,92.5,0,1.86
260,"ALACHUA","11/19/2020","11/20/2020","22:00:00",31,14.74,94,0,2.48
260,"ALACHUA","11/19/2020","11/20/2020","23:00:00",31,14.25,95.2,0,2.33
